2026-05-05 12:34:41 INFO  c.b.comuna.ComunaApplication - Starting ComunaApplication using Java 17.0.12 with PID 16520 (C:\Users\Duoc\Documents\GitHub\Biblioteca_SG\Comuna\comuna\target\classes started by Duoc in C:\Users\Duoc\Documents\GitHub\Biblioteca_SG)
2026-05-05 12:34:41 DEBUG c.b.comuna.ComunaApplication - Running with Spring Boot v4.0.5, Spring v7.0.6
2026-05-05 12:34:41 INFO  c.b.comuna.ComunaApplication - No active profile set, falling back to 1 default profile: "default"
2026-05-05 12:34:43 INFO  o.s.d.r.c.RepositoryConfigurationDelegate - Bootstrapping Spring Data JPA repositories in DEFAULT mode.
2026-05-05 12:34:43 INFO  o.s.d.r.c.RepositoryConfigurationDelegate - Finished Spring Data repository scanning in 90 ms. Found 1 JPA repository interface.
2026-05-05 12:34:44 INFO  o.s.boot.tomcat.TomcatWebServer - Tomcat initialized with port 8088 (http)
2026-05-05 12:34:44 INFO  o.a.catalina.core.StandardService - Starting service [Tomcat]
2026-05-05 12:34:44 INFO  o.a.catalina.core.StandardEngine - Starting Servlet engine: [Apache Tomcat/11.0.20]
2026-05-05 12:34:44 INFO  o.s.b.w.c.s.WebApplicationContextInitializer - Root WebApplicationContext: initialization completed in 2527 ms
2026-05-05 12:34:45 INFO  org.hibernate.orm.jpa - HHH008540: Processing PersistenceUnitInfo [name: default]
2026-05-05 12:34:45 INFO  org.hibernate.orm.core - HHH000001: Hibernate ORM core version 7.2.7.Final
2026-05-05 12:34:46 INFO  o.s.o.j.p.SpringPersistenceUnitInfo - No LoadTimeWeaver setup: ignoring JPA class transformer
2026-05-05 12:34:46 INFO  com.zaxxer.hikari.HikariDataSource - HikariPool-1 - Starting...
2026-05-05 12:34:47 WARN  org.hibernate.orm.jdbc.error - HHH000247: ErrorCode: 12541, SQLState: 66000
2026-05-05 12:34:47 WARN  org.hibernate.orm.jdbc.error - ORA-12541: No se puede conectar. No hay ningún listener en host localhost port 1521. (CONNECTION_ID=P+Lf3L0GQpi6SSgk0NcVZQ==)
https://docs.oracle.com/error-help/db/ora-12541/
2026-05-05 12:34:47 WARN  org.hibernate.orm.jdbc - HHH100046: Could not obtain connection to query JDBC database metadata
org.hibernate.exception.GenericJDBCException: Unable to obtain isolated JDBC connection [ORA-12541: No se puede conectar. No hay ningún listener en host localhost port 1521. (CONNECTION_ID=P+Lf3L0GQpi6SSgk0NcVZQ==)
https://docs.oracle.com/error-help/db/ora-12541/] [n/a]
	at org.hibernate.exception.internal.StandardSQLExceptionConverter.convert(StandardSQLExceptionConverter.java:39)
	at org.hibernate.engine.jdbc.spi.SqlExceptionHelper.convert(SqlExceptionHelper.java:115)
	at org.hibernate.engine.jdbc.spi.SqlExceptionHelper.convert(SqlExceptionHelper.java:101)
	at org.hibernate.resource.transaction.backend.jdbc.internal.JdbcIsolationDelegate.delegateWork(JdbcIsolationDelegate.java:51)
	at org.hibernate.engine.jdbc.env.internal.JdbcEnvironmentInitiator.getJdbcEnvironmentUsingJdbcMetadata(JdbcEnvironmentInitiator.java:366)
	at org.hibernate.engine.jdbc.env.internal.JdbcEnvironmentInitiator.getJdbcEnvironment(JdbcEnvironmentInitiator.java:143)
	at org.hibernate.engine.jdbc.env.internal.JdbcEnvironmentInitiator.initiateService(JdbcEnvironmentInitiator.java:120)
	at org.hibernate.engine.jdbc.env.internal.JdbcEnvironmentInitiator.initiateService(JdbcEnvironmentInitiator.java:80)
	at org.hibernate.boot.registry.internal.StandardServiceRegistryImpl.initiateService(StandardServiceRegistryImpl.java:133)
	at org.hibernate.service.internal.AbstractServiceRegistryImpl.createService(AbstractServiceRegistryImpl.java:260)
	at org.hibernate.service.internal.AbstractServiceRegistryImpl.initializeService(AbstractServiceRegistryImpl.java:235)
	at org.hibernate.service.internal.AbstractServiceRegistryImpl.getService(AbstractServiceRegistryImpl.java:212)
	at org.hibernate.boot.model.relational.Database.<init>(Database.java:44)
	at org.hibernate.boot.internal.InFlightMetadataCollectorImpl.getDatabase(InFlightMetadataCollectorImpl.java:251)
	at org.hibernate.boot.internal.InFlightMetadataCollectorImpl.<init>(InFlightMetadataCollectorImpl.java:203)
	at org.hibernate.boot.model.process.spi.MetadataBuildingProcess.complete(MetadataBuildingProcess.java:172)
	at org.hibernate.jpa.boot.internal.EntityManagerFactoryBuilderImpl.metadata(EntityManagerFactoryBuilderImpl.java:1392)
	at org.hibernate.jpa.boot.internal.EntityManagerFactoryBuilderImpl.populateSessionFactoryBuilder(EntityManagerFactoryBuilderImpl.java:1472)
	at org.hibernate.jpa.boot.internal.EntityManagerFactoryBuilderImpl.build(EntityManagerFactoryBuilderImpl.java:1454)
	at org.springframework.orm.jpa.vendor.SpringHibernateJpaPersistenceProvider.createContainerEntityManagerFactory(SpringHibernateJpaPersistenceProvider.java:93)
	at org.springframework.orm.jpa.LocalContainerEntityManagerFactoryBean.createNativeEntityManagerFactory(LocalContainerEntityManagerFactoryBean.java:443)
	at org.springframework.orm.jpa.AbstractEntityManagerFactoryBean.buildNativeEntityManagerFactory(AbstractEntityManagerFactoryBean.java:436)
	at org.springframework.orm.jpa.AbstractEntityManagerFactoryBean.afterPropertiesSet(AbstractEntityManagerFactoryBean.java:411)
	at org.springframework.orm.jpa.LocalContainerEntityManagerFactoryBean.afterPropertiesSet(LocalContainerEntityManagerFactoryBean.java:419)
	at org.springframework.beans.factory.support.AbstractAutowireCapableBeanFactory.invokeInitMethods(AbstractAutowireCapableBeanFactory.java:1864)
	at org.springframework.beans.factory.support.AbstractAutowireCapableBeanFactory.initializeBean(AbstractAutowireCapableBeanFactory.java:1813)
	at org.springframework.beans.factory.support.AbstractAutowireCapableBeanFactory.doCreateBean(AbstractAutowireCapableBeanFactory.java:603)
	at org.springframework.beans.factory.support.AbstractAutowireCapableBeanFactory.createBean(AbstractAutowireCapableBeanFactory.java:525)
	at org.springframework.beans.factory.support.AbstractBeanFactory.lambda$doGetBean$0(AbstractBeanFactory.java:333)
	at org.springframework.beans.factory.support.DefaultSingletonBeanRegistry.getSingleton(DefaultSingletonBeanRegistry.java:371)
	at org.springframework.beans.factory.support.AbstractBeanFactory.doGetBean(AbstractBeanFactory.java:331)
	at org.springframework.beans.factory.support.AbstractBeanFactory.getBean(AbstractBeanFactory.java:201)
	at org.springframework.context.support.AbstractApplicationContext.finishBeanFactoryInitialization(AbstractApplicationContext.java:977)
	at org.springframework.context.support.AbstractApplicationContext.refresh(AbstractApplicationContext.java:621)
	at org.springframework.boot.web.server.servlet.context.ServletWebServerApplicationContext.refresh(ServletWebServerApplicationContext.java:143)
	at org.springframework.boot.SpringApplication.refresh(SpringApplication.java:756)
	at org.springframework.boot.SpringApplication.refreshContext(SpringApplication.java:445)
	at org.springframework.boot.SpringApplication.run(SpringApplication.java:321)
	at org.springframework.boot.SpringApplication.run(SpringApplication.java:1365)
	at org.springframework.boot.SpringApplication.run(SpringApplication.java:1354)
	at com.biblioteca.comuna.ComunaApplication.main(ComunaApplication.java:10)
Caused by: java.sql.SQLException: ORA-12541: No se puede conectar. No hay ningún listener en host localhost port 1521. (CONNECTION_ID=P+Lf3L0GQpi6SSgk0NcVZQ==)
https://docs.oracle.com/error-help/db/ora-12541/
	at oracle.jdbc.driver.T4CConnection.handleLogonNetException(T4CConnection.java:1912)
	at oracle.jdbc.driver.T4CConnection.logon(T4CConnection.java:1228)
	at oracle.jdbc.driver.PhysicalConnection.connect(PhysicalConnection.java:1210)
	at oracle.jdbc.driver.T4CDriverExtension.getConnection(T4CDriverExtension.java:106)
	at oracle.jdbc.driver.OracleDriver.connect(OracleDriver.java:887)
	at oracle.jdbc.driver.OracleDriver.connect(OracleDriver.java:694)
	at com.zaxxer.hikari.util.DriverDataSource.getConnection(DriverDataSource.java:144)
	at com.zaxxer.hikari.pool.PoolBase.newConnection(PoolBase.java:373)
	at com.zaxxer.hikari.pool.PoolBase.newPoolEntry(PoolBase.java:210)
	at com.zaxxer.hikari.pool.HikariPool.createPoolEntry(HikariPool.java:488)
	at com.zaxxer.hikari.pool.HikariPool.checkFailFast(HikariPool.java:576)
	at com.zaxxer.hikari.pool.HikariPool.<init>(HikariPool.java:97)
	at com.zaxxer.hikari.HikariDataSource.getConnection(HikariDataSource.java:111)
	at org.hibernate.engine.jdbc.connections.internal.DataSourceConnectionProvider.getConnection(DataSourceConnectionProvider.java:137)
	at org.hibernate.engine.jdbc.env.internal.JdbcEnvironmentInitiator$ConnectionProviderJdbcConnectionAccess.obtainConnection(JdbcEnvironmentInitiator.java:508)
	at org.hibernate.resource.transaction.backend.jdbc.internal.JdbcIsolationDelegate.delegateWork(JdbcIsolationDelegate.java:48)
	... 37 common frames omitted
Caused by: oracle.net.ns.NetException: ORA-12541: No se puede conectar. No hay ningún listener en host localhost port 1521. (CONNECTION_ID=P+Lf3L0GQpi6SSgk0NcVZQ==)
https://docs.oracle.com/error-help/db/ora-12541/
	at oracle.net.nt.TcpNTAdapter.handleEstablishSocketException(TcpNTAdapter.java:418)
	at oracle.net.nt.TcpNTAdapter.establishSocket(TcpNTAdapter.java:350)
	at oracle.net.nt.TcpNTAdapter.connect(TcpNTAdapter.java:228)
	at oracle.net.nt.ConnOption.connect(ConnOption.java:357)
	at oracle.net.nt.ConnStrategy.executeConnOption(ConnStrategy.java:1296)
	at oracle.net.nt.ConnStrategy.execute(ConnStrategy.java:791)
	at oracle.net.resolver.AddrResolution.resolveAndExecute(AddrResolution.java:724)
	at oracle.net.ns.NSProtocol.establishConnection(NSProtocol.java:972)
	at oracle.net.ns.NSProtocol.connect(NSProtocol.java:341)
	at oracle.jdbc.driver.T4CConnection.connectNetworkSessionProtocol(T4CConnection.java:3746)
	at oracle.jdbc.driver.T4CConnection.logon(T4CConnection.java:1107)
	... 51 common frames omitted
Caused by: java.net.ConnectException: Connection refused: no further information
	at java.base/sun.nio.ch.Net.pollConnect(Native Method)
	at java.base/sun.nio.ch.Net.pollConnectNow(Net.java:672)
	at java.base/sun.nio.ch.SocketChannelImpl.finishTimedConnect(SocketChannelImpl.java:1141)
	at java.base/sun.nio.ch.SocketChannelImpl.blockingConnect(SocketChannelImpl.java:1183)
	at java.base/sun.nio.ch.SocketAdaptor.connect(SocketAdaptor.java:98)
	at oracle.net.nt.TimeoutSocketChannel.doConnect(TimeoutSocketChannel.java:296)
	at oracle.net.nt.TimeoutSocketChannel.initializeSocketChannel(TimeoutSocketChannel.java:276)
	at oracle.net.nt.TimeoutSocketChannel.connect(TimeoutSocketChannel.java:243)
	at oracle.net.nt.TimeoutSocketChannel.<init>(TimeoutSocketChannel.java:210)
	at oracle.net.nt.TcpNTAdapter.establishSocket(TcpNTAdapter.java:339)
	... 60 common frames omitted
2026-05-05 12:34:47 WARN  org.hibernate.orm.deprecation - HHH90000025: OracleDialect does not need to be specified explicitly using 'hibernate.dialect' (remove the property setting and it will be selected by default)
2026-05-05 12:34:47 INFO  o.hibernate.orm.connections.pooling - HHH10001005: Database info:
	Database JDBC URL [undefined/unknown]
	Database driver: undefined/unknown
	Database dialect: OracleDialect
	Database version: 19.0
	Default catalog/schema: unknown/unknown
	Autocommit mode: undefined/unknown
	Isolation level: NONE [default NONE]
	JDBC fetch size: undefined/unknown
	Pool: DataSourceConnectionProvider
	Minimum pool size: undefined/unknown
	Maximum pool size: undefined/unknown
2026-05-05 12:34:49 INFO  org.hibernate.orm.core - HHH000489: No JTA platform available (set 'hibernate.transaction.jta.platform' to enable JTA platform integration)
2026-05-05 12:34:49 INFO  o.s.o.j.LocalContainerEntityManagerFactoryBean - Initialized JPA EntityManagerFactory for persistence unit 'default'
2026-05-05 12:34:49 INFO  o.s.d.j.r.q.QueryEnhancerFactories - Hibernate is in classpath; If applicable, HQL parser will be used.
2026-05-05 12:34:49 WARN  o.s.b.j.a.JpaBaseConfiguration$JpaWebConfiguration - spring.jpa.open-in-view is enabled by default. Therefore, database queries may be performed during view rendering. Explicitly configure spring.jpa.open-in-view to disable this warning
2026-05-05 12:34:49 INFO  o.s.s.c.a.a.c.InitializeUserDetailsBeanManagerConfigurer$InitializeUserDetailsManagerConfigurer - Global AuthenticationManager configured with UserDetailsService bean with name userDetailsService
2026-05-05 12:34:50 INFO  o.s.boot.tomcat.TomcatWebServer - Tomcat started on port 8088 (http) with context path '/'
2026-05-05 12:34:50 INFO  c.b.comuna.ComunaApplication - Started ComunaApplication in 9.898 seconds (process running for 10.638)
2026-05-05 12:35:10 INFO  c.b.comuna.ComunaApplication - Starting ComunaApplication using Java 17.0.12 with PID 13372 (C:\Users\Duoc\Documents\GitHub\Biblioteca_SG\Comuna\comuna\target\classes started by Duoc in C:\Users\Duoc\Documents\GitHub\Biblioteca_SG)
2026-05-05 12:35:10 DEBUG c.b.comuna.ComunaApplication - Running with Spring Boot v4.0.5, Spring v7.0.6
2026-05-05 12:35:10 INFO  c.b.comuna.ComunaApplication - No active profile set, falling back to 1 default profile: "default"
2026-05-05 12:35:11 INFO  o.s.d.r.c.RepositoryConfigurationDelegate - Bootstrapping Spring Data JPA repositories in DEFAULT mode.
2026-05-05 12:35:11 INFO  o.s.d.r.c.RepositoryConfigurationDelegate - Finished Spring Data repository scanning in 74 ms. Found 1 JPA repository interface.
2026-05-05 12:35:12 INFO  o.s.boot.tomcat.TomcatWebServer - Tomcat initialized with port 8088 (http)
2026-05-05 12:35:12 INFO  o.a.catalina.core.StandardService - Starting service [Tomcat]
2026-05-05 12:35:12 INFO  o.a.catalina.core.StandardEngine - Starting Servlet engine: [Apache Tomcat/11.0.20]
2026-05-05 12:35:12 INFO  o.s.b.w.c.s.WebApplicationContextInitializer - Root WebApplicationContext: initialization completed in 2452 ms
2026-05-05 12:35:13 INFO  org.hibernate.orm.jpa - HHH008540: Processing PersistenceUnitInfo [name: default]
2026-05-05 12:35:13 INFO  org.hibernate.orm.core - HHH000001: Hibernate ORM core version 7.2.7.Final
2026-05-05 12:35:14 INFO  o.s.o.j.p.SpringPersistenceUnitInfo - No LoadTimeWeaver setup: ignoring JPA class transformer
2026-05-05 12:35:14 INFO  com.zaxxer.hikari.HikariDataSource - HikariPool-1 - Starting...
2026-05-05 12:35:14 INFO  com.zaxxer.hikari.pool.HikariPool - HikariPool-1 - Added connection oracle.jdbc.driver.T4CConnection@65b73689
2026-05-05 12:35:14 INFO  com.zaxxer.hikari.HikariDataSource - HikariPool-1 - Start completed.
2026-05-05 12:35:15 WARN  org.hibernate.orm.deprecation - HHH90000025: OracleDialect does not need to be specified explicitly using 'hibernate.dialect' (remove the property setting and it will be selected by default)
2026-05-05 12:35:15 WARN  org.hibernate.orm.jdbc - HHH100123: Low default JDBC fetch size: 10 (consider setting 'hibernate.jdbc.fetch_size')
2026-05-05 12:35:15 INFO  o.hibernate.orm.connections.pooling - HHH10001005: Database info:
	Database JDBC URL [jdbc:oracle:thin:@192.168.113.107:1521/xe]
	Database driver: Oracle JDBC driver
	Database dialect: OracleDialect
	Database version: 21.3
	Default catalog/schema: undefined/SG
	Autocommit mode: undefined/unknown
	Isolation level: READ_COMMITTED [default READ_COMMITTED]
	JDBC fetch size: 10
	Pool: DataSourceConnectionProvider
	Minimum pool size: undefined/unknown
	Maximum pool size: undefined/unknown
2026-05-05 12:35:16 INFO  org.hibernate.orm.core - HHH000489: No JTA platform available (set 'hibernate.transaction.jta.platform' to enable JTA platform integration)
2026-05-05 12:35:16 INFO  o.s.o.j.LocalContainerEntityManagerFactoryBean - Initialized JPA EntityManagerFactory for persistence unit 'default'
2026-05-05 12:35:16 INFO  o.s.d.j.r.q.QueryEnhancerFactories - Hibernate is in classpath; If applicable, HQL parser will be used.
2026-05-05 12:35:17 WARN  o.s.b.j.a.JpaBaseConfiguration$JpaWebConfiguration - spring.jpa.open-in-view is enabled by default. Therefore, database queries may be performed during view rendering. Explicitly configure spring.jpa.open-in-view to disable this warning
2026-05-05 12:35:17 INFO  o.s.s.c.a.a.c.InitializeUserDetailsBeanManagerConfigurer$InitializeUserDetailsManagerConfigurer - Global AuthenticationManager configured with UserDetailsService bean with name userDetailsService
2026-05-05 12:35:18 INFO  o.s.boot.tomcat.TomcatWebServer - Tomcat started on port 8088 (http) with context path '/'
2026-05-05 12:35:18 INFO  c.b.comuna.ComunaApplication - Started ComunaApplication in 9.114 seconds (process running for 9.783)
2026-05-05 12:35:33 INFO  o.a.c.c.C.[Tomcat].[localhost].[/] - Initializing Spring DispatcherServlet 'dispatcherServlet'
2026-05-05 12:35:33 INFO  o.s.web.servlet.DispatcherServlet - Initializing Servlet 'dispatcherServlet'
2026-05-05 12:35:33 INFO  o.s.web.servlet.DispatcherServlet - Completed initialization in 1 ms
2026-05-05 12:35:34 INFO  c.b.c.controller.ComunaController - Recibiendo solicitud para listar comunas
2026-05-05 12:36:19 INFO  c.b.c.controller.ComunaController - Recibiendo solicitud para guardar comuna
2026-05-05 12:36:31 INFO  c.b.c.controller.ComunaController - Recibiendo solicitud para listar comunas
2026-05-05 12:36:53 INFO  c.b.c.controller.ComunaController - Recibiendo solicitud para guardar comuna
2026-05-05 12:37:07 INFO  c.b.c.controller.ComunaController - Recibiendo solicitud para guardar comuna
2026-05-05 12:37:12 INFO  c.b.c.controller.ComunaController - Recibiendo solicitud para guardar comuna
2026-05-05 12:37:53 INFO  c.b.c.controller.ComunaController - Recibiendo solicitud para guardar comuna
2026-05-05 12:38:01 INFO  c.b.c.controller.ComunaController - Recibiendo solicitud para listar comunas
2026-05-05 12:42:10 INFO  c.b.comuna.ComunaApplication - Starting ComunaApplication using Java 17.0.12 with PID 17416 (C:\Users\Duoc\Documents\GitHub\Biblioteca_SG\Comuna\comuna\target\classes started by Duoc in C:\Users\Duoc\Documents\GitHub\Biblioteca_SG)
2026-05-05 12:42:10 DEBUG c.b.comuna.ComunaApplication - Running with Spring Boot v4.0.5, Spring v7.0.6
2026-05-05 12:42:10 INFO  c.b.comuna.ComunaApplication - No active profile set, falling back to 1 default profile: "default"
2026-05-05 12:42:11 INFO  o.s.d.r.c.RepositoryConfigurationDelegate - Bootstrapping Spring Data JPA repositories in DEFAULT mode.
2026-05-05 12:42:11 INFO  o.s.d.r.c.RepositoryConfigurationDelegate - Finished Spring Data repository scanning in 89 ms. Found 1 JPA repository interface.
2026-05-05 12:42:12 INFO  o.s.boot.tomcat.TomcatWebServer - Tomcat initialized with port 8088 (http)
2026-05-05 12:42:12 INFO  o.a.catalina.core.StandardService - Starting service [Tomcat]
2026-05-05 12:42:12 INFO  o.a.catalina.core.StandardEngine - Starting Servlet engine: [Apache Tomcat/11.0.20]
2026-05-05 12:42:12 INFO  o.s.b.w.c.s.WebApplicationContextInitializer - Root WebApplicationContext: initialization completed in 2402 ms
2026-05-05 12:42:13 INFO  org.hibernate.orm.jpa - HHH008540: Processing PersistenceUnitInfo [name: default]
2026-05-05 12:42:13 INFO  org.hibernate.orm.core - HHH000001: Hibernate ORM core version 7.2.7.Final
2026-05-05 12:42:14 INFO  o.s.o.j.p.SpringPersistenceUnitInfo - No LoadTimeWeaver setup: ignoring JPA class transformer
2026-05-05 12:42:14 INFO  com.zaxxer.hikari.HikariDataSource - HikariPool-1 - Starting...
2026-05-05 12:42:15 INFO  com.zaxxer.hikari.pool.HikariPool - HikariPool-1 - Added connection oracle.jdbc.driver.T4CConnection@83e635f
2026-05-05 12:42:15 INFO  com.zaxxer.hikari.HikariDataSource - HikariPool-1 - Start completed.
2026-05-05 12:42:15 WARN  org.hibernate.orm.deprecation - HHH90000025: OracleDialect does not need to be specified explicitly using 'hibernate.dialect' (remove the property setting and it will be selected by default)
2026-05-05 12:42:15 WARN  org.hibernate.orm.jdbc - HHH100123: Low default JDBC fetch size: 10 (consider setting 'hibernate.jdbc.fetch_size')
2026-05-05 12:42:15 INFO  o.hibernate.orm.connections.pooling - HHH10001005: Database info:
	Database JDBC URL [jdbc:oracle:thin:@192.168.113.107:1521/xe]
	Database driver: Oracle JDBC driver
	Database dialect: OracleDialect
	Database version: 21.3
	Default catalog/schema: undefined/SG
	Autocommit mode: undefined/unknown
	Isolation level: READ_COMMITTED [default READ_COMMITTED]
	JDBC fetch size: 10
	Pool: DataSourceConnectionProvider
	Minimum pool size: undefined/unknown
	Maximum pool size: undefined/unknown
2026-05-05 12:42:16 INFO  org.hibernate.orm.core - HHH000489: No JTA platform available (set 'hibernate.transaction.jta.platform' to enable JTA platform integration)
2026-05-05 12:42:16 INFO  o.s.o.j.LocalContainerEntityManagerFactoryBean - Initialized JPA EntityManagerFactory for persistence unit 'default'
2026-05-05 12:42:17 INFO  o.s.d.j.r.q.QueryEnhancerFactories - Hibernate is in classpath; If applicable, HQL parser will be used.
2026-05-05 12:42:17 WARN  o.s.b.j.a.JpaBaseConfiguration$JpaWebConfiguration - spring.jpa.open-in-view is enabled by default. Therefore, database queries may be performed during view rendering. Explicitly configure spring.jpa.open-in-view to disable this warning
2026-05-05 12:42:17 INFO  o.s.s.c.a.a.c.InitializeUserDetailsBeanManagerConfigurer$InitializeUserDetailsManagerConfigurer - Global AuthenticationManager configured with UserDetailsService bean with name userDetailsService
2026-05-05 12:42:18 INFO  o.s.boot.tomcat.TomcatWebServer - Tomcat started on port 8088 (http) with context path '/'
2026-05-05 12:42:18 INFO  c.b.comuna.ComunaApplication - Started ComunaApplication in 8.795 seconds (process running for 9.431)
2026-05-05 12:42:25 INFO  o.a.c.c.C.[Tomcat].[localhost].[/] - Initializing Spring DispatcherServlet 'dispatcherServlet'
2026-05-05 12:42:25 INFO  o.s.web.servlet.DispatcherServlet - Initializing Servlet 'dispatcherServlet'
2026-05-05 12:42:25 INFO  o.s.web.servlet.DispatcherServlet - Completed initialization in 2 ms
2026-05-05 12:42:26 INFO  c.b.c.controller.ComunaController - Recibiendo solicitud para listar comunas
2026-05-05 19:09:04 INFO  c.b.comuna.ComunaApplication - Starting ComunaApplication using Java 17.0.12 with PID 19041 (/home/jos/Documentos/GitHub/Biblioteca_SG/Comuna/comuna/target/classes started by jos in /home/jos/Documentos/GitHub/Biblioteca_SG)
2026-05-05 19:09:04 DEBUG c.b.comuna.ComunaApplication - Running with Spring Boot v4.0.5, Spring v7.0.6
2026-05-05 19:09:04 INFO  c.b.comuna.ComunaApplication - No active profile set, falling back to 1 default profile: "default"
2026-05-05 19:09:04 INFO  o.s.d.r.c.RepositoryConfigurationDelegate - Bootstrapping Spring Data JPA repositories in DEFAULT mode.
2026-05-05 19:09:04 INFO  o.s.d.r.c.RepositoryConfigurationDelegate - Finished Spring Data repository scanning in 30 ms. Found 1 JPA repository interface.
2026-05-05 19:09:05 INFO  o.s.boot.tomcat.TomcatWebServer - Tomcat initialized with port 8088 (http)
2026-05-05 19:09:05 INFO  o.a.catalina.core.StandardService - Starting service [Tomcat]
2026-05-05 19:09:05 INFO  o.a.catalina.core.StandardEngine - Starting Servlet engine: [Apache Tomcat/11.0.20]
2026-05-05 19:09:05 INFO  o.s.b.w.c.s.WebApplicationContextInitializer - Root WebApplicationContext: initialization completed in 873 ms
2026-05-05 19:09:05 INFO  org.hibernate.orm.jpa - HHH008540: Processing PersistenceUnitInfo [name: default]
2026-05-05 19:09:05 INFO  org.hibernate.orm.core - HHH000001: Hibernate ORM core version 7.2.7.Final
2026-05-05 19:09:05 INFO  o.s.o.j.p.SpringPersistenceUnitInfo - No LoadTimeWeaver setup: ignoring JPA class transformer
2026-05-05 19:09:05 INFO  com.zaxxer.hikari.HikariDataSource - HikariPool-1 - Starting...
2026-05-05 19:09:05 INFO  com.zaxxer.hikari.pool.HikariPool - HikariPool-1 - Added connection oracle.jdbc.driver.T4CConnection@37f41a81
2026-05-05 19:09:05 INFO  com.zaxxer.hikari.HikariDataSource - HikariPool-1 - Start completed.
2026-05-05 19:09:06 WARN  org.hibernate.orm.deprecation - HHH90000025: OracleDialect does not need to be specified explicitly using 'hibernate.dialect' (remove the property setting and it will be selected by default)
2026-05-05 19:09:06 WARN  org.hibernate.orm.jdbc - HHH100123: Low default JDBC fetch size: 10 (consider setting 'hibernate.jdbc.fetch_size')
2026-05-05 19:09:06 INFO  o.hibernate.orm.connections.pooling - HHH10001005: Database info:
	Database JDBC URL [jdbc:oracle:thin:@192.168.1.13:1521/xe]
	Database driver: Oracle JDBC driver
	Database dialect: OracleDialect
	Database version: 21.3
	Default catalog/schema: undefined/SG
	Autocommit mode: undefined/unknown
	Isolation level: READ_COMMITTED [default READ_COMMITTED]
	JDBC fetch size: 10
	Pool: DataSourceConnectionProvider
	Minimum pool size: undefined/unknown
	Maximum pool size: undefined/unknown
2026-05-05 19:09:06 INFO  org.hibernate.orm.core - HHH000489: No JTA platform available (set 'hibernate.transaction.jta.platform' to enable JTA platform integration)
2026-05-05 19:09:06 INFO  o.s.o.j.LocalContainerEntityManagerFactoryBean - Initialized JPA EntityManagerFactory for persistence unit 'default'
2026-05-05 19:09:06 INFO  o.s.d.j.r.q.QueryEnhancerFactories - Hibernate is in classpath; If applicable, HQL parser will be used.
2026-05-05 19:09:06 WARN  o.s.b.j.a.JpaBaseConfiguration$JpaWebConfiguration - spring.jpa.open-in-view is enabled by default. Therefore, database queries may be performed during view rendering. Explicitly configure spring.jpa.open-in-view to disable this warning
2026-05-05 19:09:06 INFO  o.s.s.c.a.a.c.InitializeUserDetailsBeanManagerConfigurer$InitializeUserDetailsManagerConfigurer - Global AuthenticationManager configured with UserDetailsService bean with name userDetailsService
2026-05-05 19:09:07 INFO  o.s.boot.tomcat.TomcatWebServer - Tomcat started on port 8088 (http) with context path '/'
2026-05-05 19:09:07 INFO  c.b.comuna.ComunaApplication - Started ComunaApplication in 3.444 seconds (process running for 3.686)
2026-05-05 19:09:10 INFO  o.s.boot.tomcat.GracefulShutdown - Commencing graceful shutdown. Waiting for active requests to complete
2026-05-05 19:09:10 INFO  o.s.boot.tomcat.GracefulShutdown - Graceful shutdown complete
2026-05-05 19:09:10 INFO  o.s.o.j.LocalContainerEntityManagerFactoryBean - Closing JPA EntityManagerFactory for persistence unit 'default'
2026-05-05 19:09:10 INFO  com.zaxxer.hikari.HikariDataSource - HikariPool-1 - Shutdown initiated...
2026-05-05 19:09:11 INFO  com.zaxxer.hikari.HikariDataSource - HikariPool-1 - Shutdown completed.
2026-05-05 19:28:30 INFO  c.b.comuna.ComunaApplication - Starting ComunaApplication using Java 17.0.12 with PID 26904 (/home/jos/Documentos/GitHub/Biblioteca_SG/Comuna/comuna/target/classes started by jos in /home/jos/Documentos/GitHub/Biblioteca_SG)
2026-05-05 19:28:30 DEBUG c.b.comuna.ComunaApplication - Running with Spring Boot v4.0.5, Spring v7.0.6
2026-05-05 19:28:30 INFO  c.b.comuna.ComunaApplication - No active profile set, falling back to 1 default profile: "default"
2026-05-05 19:28:31 INFO  o.s.d.r.c.RepositoryConfigurationDelegate - Bootstrapping Spring Data JPA repositories in DEFAULT mode.
2026-05-05 19:28:31 INFO  o.s.d.r.c.RepositoryConfigurationDelegate - Finished Spring Data repository scanning in 33 ms. Found 1 JPA repository interface.
2026-05-05 19:28:31 INFO  o.s.boot.tomcat.TomcatWebServer - Tomcat initialized with port 8088 (http)
2026-05-05 19:28:31 INFO  o.a.catalina.core.StandardService - Starting service [Tomcat]
2026-05-05 19:28:31 INFO  o.a.catalina.core.StandardEngine - Starting Servlet engine: [Apache Tomcat/11.0.20]
2026-05-05 19:28:31 INFO  o.s.b.w.c.s.WebApplicationContextInitializer - Root WebApplicationContext: initialization completed in 1083 ms
2026-05-05 19:28:32 INFO  org.hibernate.orm.jpa - HHH008540: Processing PersistenceUnitInfo [name: default]
2026-05-05 19:28:32 INFO  org.hibernate.orm.core - HHH000001: Hibernate ORM core version 7.2.7.Final
2026-05-05 19:28:32 INFO  o.s.o.j.p.SpringPersistenceUnitInfo - No LoadTimeWeaver setup: ignoring JPA class transformer
2026-05-05 19:28:32 INFO  com.zaxxer.hikari.HikariDataSource - HikariPool-1 - Starting...
2026-05-05 19:28:32 INFO  com.zaxxer.hikari.pool.HikariPool - HikariPool-1 - Added connection oracle.jdbc.driver.T4CConnection@60fbc34d
2026-05-05 19:28:32 INFO  com.zaxxer.hikari.HikariDataSource - HikariPool-1 - Start completed.
2026-05-05 19:28:32 WARN  org.hibernate.orm.deprecation - HHH90000025: OracleDialect does not need to be specified explicitly using 'hibernate.dialect' (remove the property setting and it will be selected by default)
2026-05-05 19:28:33 WARN  org.hibernate.orm.jdbc - HHH100123: Low default JDBC fetch size: 10 (consider setting 'hibernate.jdbc.fetch_size')
2026-05-05 19:28:33 INFO  o.hibernate.orm.connections.pooling - HHH10001005: Database info:
	Database JDBC URL [jdbc:oracle:thin:@192.168.1.13:1521/xe]
	Database driver: Oracle JDBC driver
	Database dialect: OracleDialect
	Database version: 21.3
	Default catalog/schema: undefined/SG
	Autocommit mode: undefined/unknown
	Isolation level: READ_COMMITTED [default READ_COMMITTED]
	JDBC fetch size: 10
	Pool: DataSourceConnectionProvider
	Minimum pool size: undefined/unknown
	Maximum pool size: undefined/unknown
2026-05-05 19:28:33 INFO  org.hibernate.orm.core - HHH000489: No JTA platform available (set 'hibernate.transaction.jta.platform' to enable JTA platform integration)
2026-05-05 19:28:33 INFO  o.s.o.j.LocalContainerEntityManagerFactoryBean - Initialized JPA EntityManagerFactory for persistence unit 'default'
2026-05-05 19:28:33 INFO  o.s.d.j.r.q.QueryEnhancerFactories - Hibernate is in classpath; If applicable, HQL parser will be used.
2026-05-05 19:28:33 WARN  o.s.b.j.a.JpaBaseConfiguration$JpaWebConfiguration - spring.jpa.open-in-view is enabled by default. Therefore, database queries may be performed during view rendering. Explicitly configure spring.jpa.open-in-view to disable this warning
2026-05-05 19:28:33 INFO  o.s.s.c.a.a.c.InitializeUserDetailsBeanManagerConfigurer$InitializeUserDetailsManagerConfigurer - Global AuthenticationManager configured with UserDetailsService bean with name userDetailsService
2026-05-05 19:28:34 INFO  o.s.b.a.e.web.EndpointLinksResolver - Exposing 1 endpoint beneath base path '/actuator'
2026-05-05 19:28:34 INFO  o.s.boot.tomcat.TomcatWebServer - Tomcat started on port 8088 (http) with context path '/'
2026-05-05 19:28:34 INFO  c.b.comuna.ComunaApplication - Started ComunaApplication in 4.033 seconds (process running for 4.383)
2026-05-05 19:28:36 INFO  o.a.c.c.C.[Tomcat].[localhost].[/] - Initializing Spring DispatcherServlet 'dispatcherServlet'
2026-05-05 19:28:36 INFO  o.s.web.servlet.DispatcherServlet - Initializing Servlet 'dispatcherServlet'
2026-05-05 19:28:36 INFO  o.s.web.servlet.DispatcherServlet - Completed initialization in 1 ms
2026-05-05 19:33:25 INFO  c.b.c.controller.ComunaController - Recibiendo solicitud para listar comunas
2026-05-05 19:36:55 INFO  o.s.boot.tomcat.GracefulShutdown - Commencing graceful shutdown. Waiting for active requests to complete
2026-05-05 19:36:55 INFO  o.s.boot.tomcat.GracefulShutdown - Graceful shutdown complete
2026-05-05 19:36:55 INFO  o.s.o.j.LocalContainerEntityManagerFactoryBean - Closing JPA EntityManagerFactory for persistence unit 'default'
2026-05-05 19:36:55 INFO  com.zaxxer.hikari.HikariDataSource - HikariPool-1 - Shutdown initiated...
2026-05-05 19:36:55 INFO  com.zaxxer.hikari.HikariDataSource - HikariPool-1 - Shutdown completed.
2026-05-05 19:37:40 INFO  c.b.comuna.ComunaApplication - Starting ComunaApplication using Java 17.0.12 with PID 30941 (/home/jos/Documentos/GitHub/Biblioteca_SG/Comuna/comuna/target/classes started by jos in /home/jos/Documentos/GitHub/Biblioteca_SG)
2026-05-05 19:37:40 DEBUG c.b.comuna.ComunaApplication - Running with Spring Boot v4.0.5, Spring v7.0.6
2026-05-05 19:37:40 INFO  c.b.comuna.ComunaApplication - No active profile set, falling back to 1 default profile: "default"
2026-05-05 19:37:41 INFO  o.s.d.r.c.RepositoryConfigurationDelegate - Bootstrapping Spring Data JPA repositories in DEFAULT mode.
2026-05-05 19:37:41 INFO  o.s.d.r.c.RepositoryConfigurationDelegate - Finished Spring Data repository scanning in 27 ms. Found 1 JPA repository interface.
2026-05-05 19:37:41 INFO  o.s.boot.tomcat.TomcatWebServer - Tomcat initialized with port 8088 (http)
2026-05-05 19:37:41 INFO  o.a.catalina.core.StandardService - Starting service [Tomcat]
2026-05-05 19:37:41 INFO  o.a.catalina.core.StandardEngine - Starting Servlet engine: [Apache Tomcat/11.0.20]
2026-05-05 19:37:41 INFO  o.s.b.w.c.s.WebApplicationContextInitializer - Root WebApplicationContext: initialization completed in 1069 ms
2026-05-05 19:37:42 INFO  org.hibernate.orm.jpa - HHH008540: Processing PersistenceUnitInfo [name: default]
2026-05-05 19:37:42 INFO  org.hibernate.orm.core - HHH000001: Hibernate ORM core version 7.2.7.Final
2026-05-05 19:37:42 INFO  o.s.o.j.p.SpringPersistenceUnitInfo - No LoadTimeWeaver setup: ignoring JPA class transformer
2026-05-05 19:37:42 INFO  com.zaxxer.hikari.HikariDataSource - HikariPool-1 - Starting...
2026-05-05 19:37:42 INFO  com.zaxxer.hikari.pool.HikariPool - HikariPool-1 - Added connection oracle.jdbc.driver.T4CConnection@4ca4f762
2026-05-05 19:37:42 INFO  com.zaxxer.hikari.HikariDataSource - HikariPool-1 - Start completed.
2026-05-05 19:37:42 WARN  org.hibernate.orm.deprecation - HHH90000025: OracleDialect does not need to be specified explicitly using 'hibernate.dialect' (remove the property setting and it will be selected by default)
2026-05-05 19:37:42 WARN  org.hibernate.orm.jdbc - HHH100123: Low default JDBC fetch size: 10 (consider setting 'hibernate.jdbc.fetch_size')
2026-05-05 19:37:42 INFO  o.hibernate.orm.connections.pooling - HHH10001005: Database info:
	Database JDBC URL [jdbc:oracle:thin:@192.168.1.13:1521/xe]
	Database driver: Oracle JDBC driver
	Database dialect: OracleDialect
	Database version: 21.3
	Default catalog/schema: undefined/SG
	Autocommit mode: undefined/unknown
	Isolation level: READ_COMMITTED [default READ_COMMITTED]
	JDBC fetch size: 10
	Pool: DataSourceConnectionProvider
	Minimum pool size: undefined/unknown
	Maximum pool size: undefined/unknown
2026-05-05 19:37:43 INFO  org.hibernate.orm.core - HHH000489: No JTA platform available (set 'hibernate.transaction.jta.platform' to enable JTA platform integration)
2026-05-05 19:37:43 INFO  o.s.o.j.LocalContainerEntityManagerFactoryBean - Initialized JPA EntityManagerFactory for persistence unit 'default'
2026-05-05 19:37:43 INFO  o.s.d.j.r.q.QueryEnhancerFactories - Hibernate is in classpath; If applicable, HQL parser will be used.
2026-05-05 19:37:43 WARN  o.s.b.j.a.JpaBaseConfiguration$JpaWebConfiguration - spring.jpa.open-in-view is enabled by default. Therefore, database queries may be performed during view rendering. Explicitly configure spring.jpa.open-in-view to disable this warning
2026-05-05 19:37:43 INFO  o.s.s.c.a.a.c.InitializeUserDetailsBeanManagerConfigurer$InitializeUserDetailsManagerConfigurer - Global AuthenticationManager configured with UserDetailsService bean with name userDetailsService
2026-05-05 19:37:44 INFO  o.s.b.a.e.web.EndpointLinksResolver - Exposing 1 endpoint beneath base path '/actuator'
2026-05-05 19:37:44 INFO  o.s.boot.tomcat.TomcatWebServer - Tomcat started on port 8088 (http) with context path '/'
2026-05-05 19:37:44 INFO  c.b.comuna.ComunaApplication - Started ComunaApplication in 3.939 seconds (process running for 4.266)
2026-05-05 19:37:46 INFO  o.a.c.c.C.[Tomcat].[localhost].[/] - Initializing Spring DispatcherServlet 'dispatcherServlet'
2026-05-05 19:37:46 INFO  o.s.web.servlet.DispatcherServlet - Initializing Servlet 'dispatcherServlet'
2026-05-05 19:37:46 INFO  o.s.web.servlet.DispatcherServlet - Completed initialization in 2 ms
2026-05-05 19:39:33 INFO  o.s.boot.tomcat.GracefulShutdown - Commencing graceful shutdown. Waiting for active requests to complete
2026-05-05 19:39:33 INFO  o.s.boot.tomcat.GracefulShutdown - Graceful shutdown complete
2026-05-05 19:39:33 INFO  o.s.o.j.LocalContainerEntityManagerFactoryBean - Closing JPA EntityManagerFactory for persistence unit 'default'
2026-05-05 19:39:33 INFO  com.zaxxer.hikari.HikariDataSource - HikariPool-1 - Shutdown initiated...
2026-05-05 19:39:33 INFO  com.zaxxer.hikari.HikariDataSource - HikariPool-1 - Shutdown completed.
2026-05-05 19:43:34 INFO  c.b.comuna.ComunaApplication - Starting ComunaApplication using Java 17.0.12 with PID 32943 (/home/jos/Documentos/GitHub/Biblioteca_SG/Comuna/comuna/target/classes started by jos in /home/jos/Documentos/GitHub/Biblioteca_SG)
2026-05-05 19:43:34 DEBUG c.b.comuna.ComunaApplication - Running with Spring Boot v4.0.5, Spring v7.0.6
2026-05-05 19:43:34 INFO  c.b.comuna.ComunaApplication - No active profile set, falling back to 1 default profile: "default"
2026-05-05 19:43:34 INFO  o.s.d.r.c.RepositoryConfigurationDelegate - Bootstrapping Spring Data JPA repositories in DEFAULT mode.
2026-05-05 19:43:34 INFO  o.s.d.r.c.RepositoryConfigurationDelegate - Finished Spring Data repository scanning in 27 ms. Found 1 JPA repository interface.
2026-05-05 19:43:35 INFO  o.s.boot.tomcat.TomcatWebServer - Tomcat initialized with port 8088 (http)
2026-05-05 19:43:35 INFO  o.a.catalina.core.StandardService - Starting service [Tomcat]
2026-05-05 19:43:35 INFO  o.a.catalina.core.StandardEngine - Starting Servlet engine: [Apache Tomcat/11.0.20]
2026-05-05 19:43:35 INFO  o.s.b.w.c.s.WebApplicationContextInitializer - Root WebApplicationContext: initialization completed in 1077 ms
2026-05-05 19:43:35 INFO  org.hibernate.orm.jpa - HHH008540: Processing PersistenceUnitInfo [name: default]
2026-05-05 19:43:35 INFO  org.hibernate.orm.core - HHH000001: Hibernate ORM core version 7.2.7.Final
2026-05-05 19:43:35 INFO  o.s.o.j.p.SpringPersistenceUnitInfo - No LoadTimeWeaver setup: ignoring JPA class transformer
2026-05-05 19:43:35 INFO  com.zaxxer.hikari.HikariDataSource - HikariPool-1 - Starting...
2026-05-05 19:43:36 INFO  com.zaxxer.hikari.pool.HikariPool - HikariPool-1 - Added connection oracle.jdbc.driver.T4CConnection@35c00c
2026-05-05 19:43:36 INFO  com.zaxxer.hikari.HikariDataSource - HikariPool-1 - Start completed.
2026-05-05 19:43:36 WARN  org.hibernate.orm.deprecation - HHH90000025: OracleDialect does not need to be specified explicitly using 'hibernate.dialect' (remove the property setting and it will be selected by default)
2026-05-05 19:43:36 WARN  org.hibernate.orm.jdbc - HHH100123: Low default JDBC fetch size: 10 (consider setting 'hibernate.jdbc.fetch_size')
2026-05-05 19:43:36 INFO  o.hibernate.orm.connections.pooling - HHH10001005: Database info:
	Database JDBC URL [jdbc:oracle:thin:@192.168.1.13:1521/xe]
	Database driver: Oracle JDBC driver
	Database dialect: OracleDialect
	Database version: 21.3
	Default catalog/schema: undefined/SG
	Autocommit mode: undefined/unknown
	Isolation level: READ_COMMITTED [default READ_COMMITTED]
	JDBC fetch size: 10
	Pool: DataSourceConnectionProvider
	Minimum pool size: undefined/unknown
	Maximum pool size: undefined/unknown
2026-05-05 19:43:37 INFO  org.hibernate.orm.core - HHH000489: No JTA platform available (set 'hibernate.transaction.jta.platform' to enable JTA platform integration)
2026-05-05 19:43:37 INFO  o.s.o.j.LocalContainerEntityManagerFactoryBean - Initialized JPA EntityManagerFactory for persistence unit 'default'
2026-05-05 19:43:37 INFO  o.s.d.j.r.q.QueryEnhancerFactories - Hibernate is in classpath; If applicable, HQL parser will be used.
2026-05-05 19:43:37 WARN  o.s.b.j.a.JpaBaseConfiguration$JpaWebConfiguration - spring.jpa.open-in-view is enabled by default. Therefore, database queries may be performed during view rendering. Explicitly configure spring.jpa.open-in-view to disable this warning
2026-05-05 19:43:37 INFO  o.s.s.c.a.a.c.InitializeUserDetailsBeanManagerConfigurer$InitializeUserDetailsManagerConfigurer - Global AuthenticationManager configured with UserDetailsService bean with name userDetailsService
2026-05-05 19:43:37 INFO  o.s.b.a.e.web.EndpointLinksResolver - Exposing 1 endpoint beneath base path '/actuator'
2026-05-05 19:43:37 INFO  o.s.boot.tomcat.TomcatWebServer - Tomcat started on port 8088 (http) with context path '/'
2026-05-05 19:43:37 INFO  c.b.comuna.ComunaApplication - Started ComunaApplication in 3.929 seconds (process running for 4.26)
2026-05-05 19:43:40 INFO  o.a.c.c.C.[Tomcat].[localhost].[/] - Initializing Spring DispatcherServlet 'dispatcherServlet'
2026-05-05 19:43:40 INFO  o.s.web.servlet.DispatcherServlet - Initializing Servlet 'dispatcherServlet'
2026-05-05 19:43:40 INFO  o.s.web.servlet.DispatcherServlet - Completed initialization in 1 ms
2026-05-05 19:46:32 INFO  o.s.boot.tomcat.GracefulShutdown - Commencing graceful shutdown. Waiting for active requests to complete
2026-05-05 19:46:32 INFO  o.s.boot.tomcat.GracefulShutdown - Graceful shutdown complete
2026-05-05 19:46:32 INFO  o.s.o.j.LocalContainerEntityManagerFactoryBean - Closing JPA EntityManagerFactory for persistence unit 'default'
2026-05-05 19:46:32 INFO  com.zaxxer.hikari.HikariDataSource - HikariPool-1 - Shutdown initiated...
2026-05-05 19:46:32 INFO  com.zaxxer.hikari.HikariDataSource - HikariPool-1 - Shutdown completed.
2026-05-05 19:46:46 INFO  c.b.comuna.ComunaApplication - Starting ComunaApplication using Java 17.0.12 with PID 34578 (/home/jos/Documentos/GitHub/Biblioteca_SG/Comuna/comuna/target/classes started by jos in /home/jos/Documentos/GitHub/Biblioteca_SG)
2026-05-05 19:46:46 DEBUG c.b.comuna.ComunaApplication - Running with Spring Boot v4.0.6, Spring v7.0.7
2026-05-05 19:46:46 INFO  c.b.comuna.ComunaApplication - No active profile set, falling back to 1 default profile: "default"
2026-05-05 19:46:47 INFO  o.s.d.r.c.RepositoryConfigurationDelegate - Bootstrapping Spring Data JPA repositories in DEFAULT mode.
2026-05-05 19:46:47 INFO  o.s.d.r.c.RepositoryConfigurationDelegate - Finished Spring Data repository scanning in 26 ms. Found 1 JPA repository interface.
2026-05-05 19:46:47 INFO  o.s.cloud.context.scope.GenericScope - BeanFactory id=8bb790b2-5f8f-3498-9287-5ba845a5b557
2026-05-05 19:46:47 INFO  o.s.boot.tomcat.TomcatWebServer - Tomcat initialized with port 8088 (http)
2026-05-05 19:46:47 INFO  o.a.catalina.core.StandardService - Starting service [Tomcat]
2026-05-05 19:46:47 INFO  o.a.catalina.core.StandardEngine - Starting Servlet engine: [Apache Tomcat/11.0.21]
2026-05-05 19:46:47 INFO  o.s.b.w.c.s.WebApplicationContextInitializer - Root WebApplicationContext: initialization completed in 1214 ms
2026-05-05 19:46:47 INFO  org.hibernate.orm.jpa - HHH008540: Processing PersistenceUnitInfo [name: default]
2026-05-05 19:46:47 INFO  org.hibernate.orm.core - HHH000001: Hibernate ORM core version 7.2.12.Final
2026-05-05 19:46:48 INFO  o.s.o.j.p.SpringPersistenceUnitInfo - No LoadTimeWeaver setup: ignoring JPA class transformer
2026-05-05 19:46:48 INFO  com.zaxxer.hikari.HikariDataSource - HikariPool-1 - Starting...
2026-05-05 19:46:48 INFO  com.zaxxer.hikari.pool.HikariPool - HikariPool-1 - Added connection oracle.jdbc.driver.T4CConnection@3fad8636
2026-05-05 19:46:48 INFO  com.zaxxer.hikari.HikariDataSource - HikariPool-1 - Start completed.
2026-05-05 19:46:48 WARN  org.hibernate.orm.deprecation - HHH90000025: OracleDialect does not need to be specified explicitly using 'hibernate.dialect' (remove the property setting and it will be selected by default)
2026-05-05 19:46:48 WARN  org.hibernate.orm.jdbc - HHH100123: Low default JDBC fetch size: 10 (consider setting 'hibernate.jdbc.fetch_size')
2026-05-05 19:46:48 INFO  o.hibernate.orm.connections.pooling - HHH10001005: Database info:
	Database JDBC URL [jdbc:oracle:thin:@192.168.1.13:1521/xe]
	Database driver: Oracle JDBC driver
	Database dialect: OracleDialect
	Database version: 21.3
	Default catalog/schema: undefined/SG
	Autocommit mode: undefined/unknown
	Isolation level: READ_COMMITTED [default READ_COMMITTED]
	JDBC fetch size: 10
	Pool: DataSourceConnectionProvider
	Minimum pool size: undefined/unknown
	Maximum pool size: undefined/unknown
2026-05-05 19:46:49 INFO  org.hibernate.orm.core - HHH000489: No JTA platform available (set 'hibernate.transaction.jta.platform' to enable JTA platform integration)
2026-05-05 19:46:49 INFO  o.s.o.j.LocalContainerEntityManagerFactoryBean - Initialized JPA EntityManagerFactory for persistence unit 'default'
2026-05-05 19:46:49 INFO  o.s.d.j.r.q.QueryEnhancerFactories - Hibernate is in classpath; If applicable, HQL parser will be used.
2026-05-05 19:46:49 WARN  o.s.b.j.a.JpaBaseConfiguration$JpaWebConfiguration - spring.jpa.open-in-view is enabled by default. Therefore, database queries may be performed during view rendering. Explicitly configure spring.jpa.open-in-view to disable this warning
2026-05-05 19:46:49 INFO  o.s.s.c.a.a.c.InitializeUserDetailsBeanManagerConfigurer$InitializeUserDetailsManagerConfigurer - Global AuthenticationManager configured with UserDetailsService bean with name userDetailsService
2026-05-05 19:46:50 INFO  o.s.b.a.e.web.EndpointLinksResolver - Exposing 1 endpoint beneath base path '/actuator'
2026-05-05 19:46:50 INFO  o.s.boot.tomcat.TomcatWebServer - Tomcat started on port 8088 (http) with context path '/'
2026-05-05 19:46:50 INFO  c.b.comuna.ComunaApplication - Started ComunaApplication in 4.469 seconds (process running for 4.917)
2026-05-05 19:46:52 INFO  o.a.c.c.C.[Tomcat].[localhost].[/] - Initializing Spring DispatcherServlet 'dispatcherServlet'
2026-05-05 19:46:52 INFO  o.s.web.servlet.DispatcherServlet - Initializing Servlet 'dispatcherServlet'
2026-05-05 19:46:52 INFO  o.s.web.servlet.DispatcherServlet - Completed initialization in 2 ms
2026-05-05 19:48:01 INFO  o.s.boot.tomcat.GracefulShutdown - Commencing graceful shutdown. Waiting for active requests to complete
2026-05-05 19:48:01 INFO  o.s.boot.tomcat.GracefulShutdown - Graceful shutdown complete
2026-05-05 19:48:01 INFO  o.s.o.j.LocalContainerEntityManagerFactoryBean - Closing JPA EntityManagerFactory for persistence unit 'default'
2026-05-05 19:48:01 INFO  com.zaxxer.hikari.HikariDataSource - HikariPool-1 - Shutdown initiated...
2026-05-05 19:48:01 INFO  com.zaxxer.hikari.HikariDataSource - HikariPool-1 - Shutdown completed.
2026-05-05 19:49:24 INFO  c.b.comuna.ComunaApplication - Starting ComunaApplication using Java 17.0.12 with PID 35803 (/home/jos/Documentos/GitHub/Biblioteca_SG/Comuna/comuna/target/classes started by jos in /home/jos/Documentos/GitHub/Biblioteca_SG)
2026-05-05 19:49:24 DEBUG c.b.comuna.ComunaApplication - Running with Spring Boot v4.0.6, Spring v7.0.7
2026-05-05 19:49:24 INFO  c.b.comuna.ComunaApplication - No active profile set, falling back to 1 default profile: "default"
2026-05-05 19:49:24 INFO  o.s.d.r.c.RepositoryConfigurationDelegate - Bootstrapping Spring Data JPA repositories in DEFAULT mode.
2026-05-05 19:49:24 INFO  o.s.d.r.c.RepositoryConfigurationDelegate - Finished Spring Data repository scanning in 27 ms. Found 1 JPA repository interface.
2026-05-05 19:49:25 INFO  o.s.cloud.context.scope.GenericScope - BeanFactory id=8bb790b2-5f8f-3498-9287-5ba845a5b557
2026-05-05 19:49:25 INFO  o.s.boot.tomcat.TomcatWebServer - Tomcat initialized with port 8088 (http)
2026-05-05 19:49:25 INFO  o.a.catalina.core.StandardService - Starting service [Tomcat]
2026-05-05 19:49:25 INFO  o.a.catalina.core.StandardEngine - Starting Servlet engine: [Apache Tomcat/11.0.21]
2026-05-05 19:49:25 INFO  o.s.b.w.c.s.WebApplicationContextInitializer - Root WebApplicationContext: initialization completed in 1208 ms
2026-05-05 19:49:25 INFO  org.hibernate.orm.jpa - HHH008540: Processing PersistenceUnitInfo [name: default]
2026-05-05 19:49:25 INFO  org.hibernate.orm.core - HHH000001: Hibernate ORM core version 7.2.12.Final
2026-05-05 19:49:25 INFO  o.s.o.j.p.SpringPersistenceUnitInfo - No LoadTimeWeaver setup: ignoring JPA class transformer
2026-05-05 19:49:26 INFO  com.zaxxer.hikari.HikariDataSource - HikariPool-1 - Starting...
2026-05-05 19:49:26 INFO  com.zaxxer.hikari.pool.HikariPool - HikariPool-1 - Added connection oracle.jdbc.driver.T4CConnection@3fad8636
2026-05-05 19:49:26 INFO  com.zaxxer.hikari.HikariDataSource - HikariPool-1 - Start completed.
2026-05-05 19:49:26 WARN  org.hibernate.orm.deprecation - HHH90000025: OracleDialect does not need to be specified explicitly using 'hibernate.dialect' (remove the property setting and it will be selected by default)
2026-05-05 19:49:26 WARN  org.hibernate.orm.jdbc - HHH100123: Low default JDBC fetch size: 10 (consider setting 'hibernate.jdbc.fetch_size')
2026-05-05 19:49:26 INFO  o.hibernate.orm.connections.pooling - HHH10001005: Database info:
	Database JDBC URL [jdbc:oracle:thin:@192.168.1.13:1521/xe]
	Database driver: Oracle JDBC driver
	Database dialect: OracleDialect
	Database version: 21.3
	Default catalog/schema: undefined/SG
	Autocommit mode: undefined/unknown
	Isolation level: READ_COMMITTED [default READ_COMMITTED]
	JDBC fetch size: 10
	Pool: DataSourceConnectionProvider
	Minimum pool size: undefined/unknown
	Maximum pool size: undefined/unknown
2026-05-05 19:49:27 INFO  org.hibernate.orm.core - HHH000489: No JTA platform available (set 'hibernate.transaction.jta.platform' to enable JTA platform integration)
2026-05-05 19:49:27 INFO  o.s.o.j.LocalContainerEntityManagerFactoryBean - Initialized JPA EntityManagerFactory for persistence unit 'default'
2026-05-05 19:49:27 INFO  o.s.d.j.r.q.QueryEnhancerFactories - Hibernate is in classpath; If applicable, HQL parser will be used.
2026-05-05 19:49:27 WARN  o.s.b.j.a.JpaBaseConfiguration$JpaWebConfiguration - spring.jpa.open-in-view is enabled by default. Therefore, database queries may be performed during view rendering. Explicitly configure spring.jpa.open-in-view to disable this warning
2026-05-05 19:49:27 INFO  o.s.s.c.a.a.c.InitializeUserDetailsBeanManagerConfigurer$InitializeUserDetailsManagerConfigurer - Global AuthenticationManager configured with UserDetailsService bean with name userDetailsService
2026-05-05 19:49:28 INFO  o.s.b.a.e.web.EndpointLinksResolver - Exposing 1 endpoint beneath base path '/actuator'
2026-05-05 19:49:28 INFO  o.s.boot.tomcat.TomcatWebServer - Tomcat started on port 8088 (http) with context path '/'
2026-05-05 19:49:28 INFO  c.b.comuna.ComunaApplication - Started ComunaApplication in 4.356 seconds (process running for 4.799)
2026-05-05 19:49:30 INFO  o.a.c.c.C.[Tomcat].[localhost].[/] - Initializing Spring DispatcherServlet 'dispatcherServlet'
2026-05-05 19:49:30 INFO  o.s.web.servlet.DispatcherServlet - Initializing Servlet 'dispatcherServlet'
2026-05-05 19:49:30 INFO  o.s.web.servlet.DispatcherServlet - Completed initialization in 1 ms
2026-05-05 19:49:44 INFO  c.b.c.controller.ComunaController - Recibiendo solicitud para buscar comuna por id
2026-05-05 20:01:53 INFO  o.s.boot.tomcat.GracefulShutdown - Commencing graceful shutdown. Waiting for active requests to complete
2026-05-05 20:01:53 INFO  o.s.boot.tomcat.GracefulShutdown - Graceful shutdown complete
2026-05-05 20:01:53 INFO  o.s.o.j.LocalContainerEntityManagerFactoryBean - Closing JPA EntityManagerFactory for persistence unit 'default'
2026-05-05 20:01:53 INFO  com.zaxxer.hikari.HikariDataSource - HikariPool-1 - Shutdown initiated...
2026-05-05 20:01:53 INFO  com.zaxxer.hikari.HikariDataSource - HikariPool-1 - Shutdown completed.
2026-05-05 20:02:41 INFO  c.b.comuna.ComunaApplication - Starting ComunaApplication using Java 17.0.12 with PID 40175 (/home/jos/Documentos/GitHub/Biblioteca_SG/Comuna/comuna/target/classes started by jos in /home/jos/Documentos/GitHub/Biblioteca_SG)
2026-05-05 20:02:41 DEBUG c.b.comuna.ComunaApplication - Running with Spring Boot v4.0.6, Spring v7.0.7
2026-05-05 20:02:41 INFO  c.b.comuna.ComunaApplication - No active profile set, falling back to 1 default profile: "default"
2026-05-05 20:02:41 INFO  o.s.d.r.c.RepositoryConfigurationDelegate - Bootstrapping Spring Data JPA repositories in DEFAULT mode.
2026-05-05 20:02:41 INFO  o.s.d.r.c.RepositoryConfigurationDelegate - Finished Spring Data repository scanning in 27 ms. Found 1 JPA repository interface.
2026-05-05 20:02:41 INFO  o.s.cloud.context.scope.GenericScope - BeanFactory id=8bb790b2-5f8f-3498-9287-5ba845a5b557
2026-05-05 20:02:42 INFO  o.s.boot.tomcat.TomcatWebServer - Tomcat initialized with port 8088 (http)
2026-05-05 20:02:42 INFO  o.a.catalina.core.StandardService - Starting service [Tomcat]
2026-05-05 20:02:42 INFO  o.a.catalina.core.StandardEngine - Starting Servlet engine: [Apache Tomcat/11.0.21]
2026-05-05 20:02:42 INFO  o.s.b.w.c.s.WebApplicationContextInitializer - Root WebApplicationContext: initialization completed in 1196 ms
2026-05-05 20:02:42 INFO  org.hibernate.orm.jpa - HHH008540: Processing PersistenceUnitInfo [name: default]
2026-05-05 20:02:42 INFO  org.hibernate.orm.core - HHH000001: Hibernate ORM core version 7.2.12.Final
2026-05-05 20:02:42 INFO  o.s.o.j.p.SpringPersistenceUnitInfo - No LoadTimeWeaver setup: ignoring JPA class transformer
2026-05-05 20:02:42 INFO  com.zaxxer.hikari.HikariDataSource - HikariPool-1 - Starting...
2026-05-05 20:02:43 INFO  com.zaxxer.hikari.pool.HikariPool - HikariPool-1 - Added connection oracle.jdbc.driver.T4CConnection@217c6a1e
2026-05-05 20:02:43 INFO  com.zaxxer.hikari.HikariDataSource - HikariPool-1 - Start completed.
2026-05-05 20:02:43 WARN  org.hibernate.orm.deprecation - HHH90000025: OracleDialect does not need to be specified explicitly using 'hibernate.dialect' (remove the property setting and it will be selected by default)
2026-05-05 20:02:43 WARN  org.hibernate.orm.jdbc - HHH100123: Low default JDBC fetch size: 10 (consider setting 'hibernate.jdbc.fetch_size')
2026-05-05 20:02:43 INFO  o.hibernate.orm.connections.pooling - HHH10001005: Database info:
	Database JDBC URL [jdbc:oracle:thin:@192.168.1.13:1521/xe]
	Database driver: Oracle JDBC driver
	Database dialect: OracleDialect
	Database version: 21.3
	Default catalog/schema: undefined/SG
	Autocommit mode: undefined/unknown
	Isolation level: READ_COMMITTED [default READ_COMMITTED]
	JDBC fetch size: 10
	Pool: DataSourceConnectionProvider
	Minimum pool size: undefined/unknown
	Maximum pool size: undefined/unknown
2026-05-05 20:02:44 INFO  org.hibernate.orm.core - HHH000489: No JTA platform available (set 'hibernate.transaction.jta.platform' to enable JTA platform integration)
2026-05-05 20:02:44 INFO  o.s.o.j.LocalContainerEntityManagerFactoryBean - Initialized JPA EntityManagerFactory for persistence unit 'default'
2026-05-05 20:02:44 INFO  o.s.d.j.r.q.QueryEnhancerFactories - Hibernate is in classpath; If applicable, HQL parser will be used.
2026-05-05 20:02:44 WARN  o.s.b.j.a.JpaBaseConfiguration$JpaWebConfiguration - spring.jpa.open-in-view is enabled by default. Therefore, database queries may be performed during view rendering. Explicitly configure spring.jpa.open-in-view to disable this warning
2026-05-05 20:02:44 INFO  o.s.s.c.a.a.c.InitializeUserDetailsBeanManagerConfigurer$InitializeUserDetailsManagerConfigurer - Global AuthenticationManager configured with UserDetailsService bean with name userDetailsService
2026-05-05 20:02:45 INFO  o.s.b.a.e.web.EndpointLinksResolver - Exposing 1 endpoint beneath base path '/actuator'
2026-05-05 20:02:45 INFO  o.s.boot.tomcat.TomcatWebServer - Tomcat started on port 8088 (http) with context path '/'
2026-05-05 20:02:45 INFO  c.b.comuna.ComunaApplication - Started ComunaApplication in 4.36 seconds (process running for 4.812)
2026-05-05 20:02:46 INFO  o.a.c.c.C.[Tomcat].[localhost].[/] - Initializing Spring DispatcherServlet 'dispatcherServlet'
2026-05-05 20:02:46 INFO  o.s.web.servlet.DispatcherServlet - Initializing Servlet 'dispatcherServlet'
2026-05-05 20:02:46 INFO  o.s.web.servlet.DispatcherServlet - Completed initialization in 2 ms
2026-05-05 20:03:02 INFO  c.b.c.controller.ComunaController - Recibiendo solicitud para buscar comuna por id
2026-05-05 20:06:46 INFO  c.b.c.controller.ComunaController - Recibiendo solicitud para buscar comuna por id
2026-05-05 20:07:15 INFO  o.s.boot.tomcat.GracefulShutdown - Commencing graceful shutdown. Waiting for active requests to complete
2026-05-05 20:07:15 INFO  o.s.boot.tomcat.GracefulShutdown - Graceful shutdown complete
2026-05-05 20:07:15 INFO  o.s.o.j.LocalContainerEntityManagerFactoryBean - Closing JPA EntityManagerFactory for persistence unit 'default'
2026-05-05 20:07:15 INFO  com.zaxxer.hikari.HikariDataSource - HikariPool-1 - Shutdown initiated...
2026-05-05 20:07:15 INFO  com.zaxxer.hikari.HikariDataSource - HikariPool-1 - Shutdown completed.
2026-05-05 20:08:50 INFO  c.b.comuna.ComunaApplication - Starting ComunaApplication using Java 17.0.12 with PID 42624 (/home/jos/Documentos/GitHub/Biblioteca_SG/Comuna/comuna/target/classes started by jos in /home/jos/Documentos/GitHub/Biblioteca_SG)
2026-05-05 20:08:50 DEBUG c.b.comuna.ComunaApplication - Running with Spring Boot v4.0.6, Spring v7.0.7
2026-05-05 20:08:50 INFO  c.b.comuna.ComunaApplication - No active profile set, falling back to 1 default profile: "default"
2026-05-05 20:08:51 INFO  o.s.d.r.c.RepositoryConfigurationDelegate - Bootstrapping Spring Data JPA repositories in DEFAULT mode.
2026-05-05 20:08:51 INFO  o.s.d.r.c.RepositoryConfigurationDelegate - Finished Spring Data repository scanning in 27 ms. Found 1 JPA repository interface.
2026-05-05 20:08:51 INFO  o.s.cloud.context.scope.GenericScope - BeanFactory id=8bb790b2-5f8f-3498-9287-5ba845a5b557
2026-05-05 20:08:52 INFO  o.s.boot.tomcat.TomcatWebServer - Tomcat initialized with port 8088 (http)
2026-05-05 20:08:52 INFO  o.a.catalina.core.StandardService - Starting service [Tomcat]
2026-05-05 20:08:52 INFO  o.a.catalina.core.StandardEngine - Starting Servlet engine: [Apache Tomcat/11.0.21]
2026-05-05 20:08:52 INFO  o.s.b.w.c.s.WebApplicationContextInitializer - Root WebApplicationContext: initialization completed in 1378 ms
2026-05-05 20:08:52 INFO  org.hibernate.orm.jpa - HHH008540: Processing PersistenceUnitInfo [name: default]
2026-05-05 20:08:52 INFO  org.hibernate.orm.core - HHH000001: Hibernate ORM core version 7.2.12.Final
2026-05-05 20:08:52 INFO  o.s.o.j.p.SpringPersistenceUnitInfo - No LoadTimeWeaver setup: ignoring JPA class transformer
2026-05-05 20:08:52 INFO  com.zaxxer.hikari.HikariDataSource - HikariPool-1 - Starting...
2026-05-05 20:08:53 INFO  com.zaxxer.hikari.pool.HikariPool - HikariPool-1 - Added connection oracle.jdbc.driver.T4CConnection@776a3365
2026-05-05 20:08:53 INFO  com.zaxxer.hikari.HikariDataSource - HikariPool-1 - Start completed.
2026-05-05 20:08:53 WARN  org.hibernate.orm.deprecation - HHH90000025: OracleDialect does not need to be specified explicitly using 'hibernate.dialect' (remove the property setting and it will be selected by default)
2026-05-05 20:08:53 WARN  org.hibernate.orm.jdbc - HHH100123: Low default JDBC fetch size: 10 (consider setting 'hibernate.jdbc.fetch_size')
2026-05-05 20:08:53 INFO  o.hibernate.orm.connections.pooling - HHH10001005: Database info:
	Database JDBC URL [jdbc:oracle:thin:@192.168.1.13:1521/xe]
	Database driver: Oracle JDBC driver
	Database dialect: OracleDialect
	Database version: 21.3
	Default catalog/schema: undefined/SG
	Autocommit mode: undefined/unknown
	Isolation level: READ_COMMITTED [default READ_COMMITTED]
	JDBC fetch size: 10
	Pool: DataSourceConnectionProvider
	Minimum pool size: undefined/unknown
	Maximum pool size: undefined/unknown
2026-05-05 20:08:54 INFO  org.hibernate.orm.core - HHH000489: No JTA platform available (set 'hibernate.transaction.jta.platform' to enable JTA platform integration)
2026-05-05 20:08:54 INFO  o.s.o.j.LocalContainerEntityManagerFactoryBean - Initialized JPA EntityManagerFactory for persistence unit 'default'
2026-05-05 20:08:54 INFO  o.s.d.j.r.q.QueryEnhancerFactories - Hibernate is in classpath; If applicable, HQL parser will be used.
2026-05-05 20:08:54 WARN  o.s.b.j.a.JpaBaseConfiguration$JpaWebConfiguration - spring.jpa.open-in-view is enabled by default. Therefore, database queries may be performed during view rendering. Explicitly configure spring.jpa.open-in-view to disable this warning
2026-05-05 20:08:54 INFO  o.s.s.c.a.a.c.InitializeUserDetailsBeanManagerConfigurer$InitializeUserDetailsManagerConfigurer - Global AuthenticationManager configured with UserDetailsService bean with name userDetailsService
2026-05-05 20:08:55 INFO  o.s.b.a.e.web.EndpointLinksResolver - Exposing 1 endpoint beneath base path '/actuator'
2026-05-05 20:08:55 INFO  o.s.boot.tomcat.TomcatWebServer - Tomcat started on port 8088 (http) with context path '/'
2026-05-05 20:08:55 INFO  c.b.comuna.ComunaApplication - Started ComunaApplication in 4.605 seconds (process running for 5.109)
2026-05-05 20:08:55 INFO  o.a.c.c.C.[Tomcat].[localhost].[/] - Initializing Spring DispatcherServlet 'dispatcherServlet'
2026-05-05 20:08:55 INFO  o.s.web.servlet.DispatcherServlet - Initializing Servlet 'dispatcherServlet'
2026-05-05 20:08:55 INFO  o.s.web.servlet.DispatcherServlet - Completed initialization in 1 ms
2026-05-05 20:08:55 INFO  c.b.c.controller.ComunaController - Recibiendo solicitud para buscar comuna por id
2026-05-05 20:10:22 INFO  o.s.boot.tomcat.GracefulShutdown - Commencing graceful shutdown. Waiting for active requests to complete
2026-05-05 20:10:22 INFO  o.s.boot.tomcat.GracefulShutdown - Graceful shutdown complete
2026-05-05 20:10:22 INFO  o.s.o.j.LocalContainerEntityManagerFactoryBean - Closing JPA EntityManagerFactory for persistence unit 'default'
2026-05-05 20:10:22 INFO  com.zaxxer.hikari.HikariDataSource - HikariPool-1 - Shutdown initiated...
2026-05-05 20:10:22 INFO  com.zaxxer.hikari.HikariDataSource - HikariPool-1 - Shutdown completed.
2026-05-05 20:10:24 INFO  c.b.comuna.ComunaApplication - Starting ComunaApplication using Java 17.0.12 with PID 43327 (/home/jos/Documentos/GitHub/Biblioteca_SG/Comuna/comuna/target/classes started by jos in /home/jos/Documentos/GitHub/Biblioteca_SG)
2026-05-05 20:10:24 DEBUG c.b.comuna.ComunaApplication - Running with Spring Boot v4.0.6, Spring v7.0.7
2026-05-05 20:10:24 INFO  c.b.comuna.ComunaApplication - No active profile set, falling back to 1 default profile: "default"
2026-05-05 20:10:25 INFO  o.s.d.r.c.RepositoryConfigurationDelegate - Bootstrapping Spring Data JPA repositories in DEFAULT mode.
2026-05-05 20:10:25 INFO  o.s.d.r.c.RepositoryConfigurationDelegate - Finished Spring Data repository scanning in 28 ms. Found 1 JPA repository interface.
2026-05-05 20:10:25 INFO  o.s.cloud.context.scope.GenericScope - BeanFactory id=8bb790b2-5f8f-3498-9287-5ba845a5b557
2026-05-05 20:10:26 INFO  o.s.boot.tomcat.TomcatWebServer - Tomcat initialized with port 8088 (http)
2026-05-05 20:10:26 INFO  o.a.catalina.core.StandardService - Starting service [Tomcat]
2026-05-05 20:10:26 INFO  o.a.catalina.core.StandardEngine - Starting Servlet engine: [Apache Tomcat/11.0.21]
2026-05-05 20:10:26 INFO  o.s.b.w.c.s.WebApplicationContextInitializer - Root WebApplicationContext: initialization completed in 1303 ms
2026-05-05 20:10:26 INFO  org.hibernate.orm.jpa - HHH008540: Processing PersistenceUnitInfo [name: default]
2026-05-05 20:10:26 INFO  org.hibernate.orm.core - HHH000001: Hibernate ORM core version 7.2.12.Final
2026-05-05 20:10:26 INFO  o.s.o.j.p.SpringPersistenceUnitInfo - No LoadTimeWeaver setup: ignoring JPA class transformer
2026-05-05 20:10:26 INFO  com.zaxxer.hikari.HikariDataSource - HikariPool-1 - Starting...
2026-05-05 20:10:27 INFO  com.zaxxer.hikari.pool.HikariPool - HikariPool-1 - Added connection oracle.jdbc.driver.T4CConnection@7d4bdbd8
2026-05-05 20:10:27 INFO  com.zaxxer.hikari.HikariDataSource - HikariPool-1 - Start completed.
2026-05-05 20:10:27 WARN  org.hibernate.orm.deprecation - HHH90000025: OracleDialect does not need to be specified explicitly using 'hibernate.dialect' (remove the property setting and it will be selected by default)
2026-05-05 20:10:27 WARN  org.hibernate.orm.jdbc - HHH100123: Low default JDBC fetch size: 10 (consider setting 'hibernate.jdbc.fetch_size')
2026-05-05 20:10:27 INFO  o.hibernate.orm.connections.pooling - HHH10001005: Database info:
	Database JDBC URL [jdbc:oracle:thin:@192.168.1.13:1521/xe]
	Database driver: Oracle JDBC driver
	Database dialect: OracleDialect
	Database version: 21.3
	Default catalog/schema: undefined/SG
	Autocommit mode: undefined/unknown
	Isolation level: READ_COMMITTED [default READ_COMMITTED]
	JDBC fetch size: 10
	Pool: DataSourceConnectionProvider
	Minimum pool size: undefined/unknown
	Maximum pool size: undefined/unknown
2026-05-05 20:10:27 INFO  org.hibernate.orm.core - HHH000489: No JTA platform available (set 'hibernate.transaction.jta.platform' to enable JTA platform integration)
2026-05-05 20:10:27 INFO  o.s.o.j.LocalContainerEntityManagerFactoryBean - Initialized JPA EntityManagerFactory for persistence unit 'default'
2026-05-05 20:10:27 INFO  o.s.d.j.r.q.QueryEnhancerFactories - Hibernate is in classpath; If applicable, HQL parser will be used.
2026-05-05 20:10:28 WARN  o.s.b.j.a.JpaBaseConfiguration$JpaWebConfiguration - spring.jpa.open-in-view is enabled by default. Therefore, database queries may be performed during view rendering. Explicitly configure spring.jpa.open-in-view to disable this warning
2026-05-05 20:10:28 INFO  o.s.s.c.a.a.c.InitializeUserDetailsBeanManagerConfigurer$InitializeUserDetailsManagerConfigurer - Global AuthenticationManager configured with UserDetailsService bean with name userDetailsService
2026-05-05 20:10:28 INFO  o.s.b.a.e.web.EndpointLinksResolver - Exposing 1 endpoint beneath base path '/actuator'
2026-05-05 20:10:28 INFO  o.s.boot.tomcat.TomcatWebServer - Tomcat started on port 8088 (http) with context path '/'
2026-05-05 20:10:28 INFO  c.b.comuna.ComunaApplication - Started ComunaApplication in 4.383 seconds (process running for 4.86)
2026-05-05 20:10:30 INFO  o.a.c.c.C.[Tomcat].[localhost].[/] - Initializing Spring DispatcherServlet 'dispatcherServlet'
2026-05-05 20:10:30 INFO  o.s.web.servlet.DispatcherServlet - Initializing Servlet 'dispatcherServlet'
2026-05-05 20:10:30 INFO  o.s.web.servlet.DispatcherServlet - Completed initialization in 2 ms
2026-05-05 20:10:49 INFO  c.b.c.controller.ComunaController - Recibiendo solicitud para buscar comuna por id
2026-05-05 20:12:02 INFO  o.s.boot.tomcat.GracefulShutdown - Commencing graceful shutdown. Waiting for active requests to complete
2026-05-05 20:12:02 INFO  o.s.boot.tomcat.GracefulShutdown - Graceful shutdown complete
2026-05-05 20:12:02 INFO  o.s.o.j.LocalContainerEntityManagerFactoryBean - Closing JPA EntityManagerFactory for persistence unit 'default'
2026-05-05 20:12:02 INFO  com.zaxxer.hikari.HikariDataSource - HikariPool-1 - Shutdown initiated...
2026-05-05 20:12:02 INFO  com.zaxxer.hikari.HikariDataSource - HikariPool-1 - Shutdown completed.
2026-05-05 20:25:09 INFO  c.b.comuna.ComunaApplication - Starting ComunaApplication using Java 17.0.12 with PID 48087 (/home/jos/Documentos/GitHub/Biblioteca_SG/Comuna/comuna/target/classes started by jos in /home/jos/Documentos/GitHub/Biblioteca_SG)
2026-05-05 20:25:09 DEBUG c.b.comuna.ComunaApplication - Running with Spring Boot v4.0.6, Spring v7.0.7
2026-05-05 20:25:09 INFO  c.b.comuna.ComunaApplication - No active profile set, falling back to 1 default profile: "default"
2026-05-05 20:25:10 INFO  o.s.d.r.c.RepositoryConfigurationDelegate - Bootstrapping Spring Data JPA repositories in DEFAULT mode.
2026-05-05 20:25:10 INFO  o.s.d.r.c.RepositoryConfigurationDelegate - Finished Spring Data repository scanning in 28 ms. Found 1 JPA repository interface.
2026-05-05 20:25:10 INFO  o.s.cloud.context.scope.GenericScope - BeanFactory id=8bb790b2-5f8f-3498-9287-5ba845a5b557
2026-05-05 20:25:10 INFO  o.s.boot.tomcat.TomcatWebServer - Tomcat initialized with port 8088 (http)
2026-05-05 20:25:10 INFO  o.a.catalina.core.StandardService - Starting service [Tomcat]
2026-05-05 20:25:10 INFO  o.a.catalina.core.StandardEngine - Starting Servlet engine: [Apache Tomcat/11.0.21]
2026-05-05 20:25:10 INFO  o.s.b.w.c.s.WebApplicationContextInitializer - Root WebApplicationContext: initialization completed in 1206 ms
2026-05-05 20:25:10 INFO  org.hibernate.orm.jpa - HHH008540: Processing PersistenceUnitInfo [name: default]
2026-05-05 20:25:10 INFO  org.hibernate.orm.core - HHH000001: Hibernate ORM core version 7.2.12.Final
2026-05-05 20:25:11 INFO  o.s.o.j.p.SpringPersistenceUnitInfo - No LoadTimeWeaver setup: ignoring JPA class transformer
2026-05-05 20:25:11 INFO  com.zaxxer.hikari.HikariDataSource - HikariPool-1 - Starting...
2026-05-05 20:25:11 INFO  com.zaxxer.hikari.pool.HikariPool - HikariPool-1 - Added connection oracle.jdbc.driver.T4CConnection@2e20c20b
2026-05-05 20:25:11 INFO  com.zaxxer.hikari.HikariDataSource - HikariPool-1 - Start completed.
2026-05-05 20:25:11 WARN  org.hibernate.orm.deprecation - HHH90000025: OracleDialect does not need to be specified explicitly using 'hibernate.dialect' (remove the property setting and it will be selected by default)
2026-05-05 20:25:11 WARN  org.hibernate.orm.jdbc - HHH100123: Low default JDBC fetch size: 10 (consider setting 'hibernate.jdbc.fetch_size')
2026-05-05 20:25:11 INFO  o.hibernate.orm.connections.pooling - HHH10001005: Database info:
	Database JDBC URL [jdbc:oracle:thin:@192.168.1.13:1521/xe]
	Database driver: Oracle JDBC driver
	Database dialect: OracleDialect
	Database version: 21.3
	Default catalog/schema: undefined/SG
	Autocommit mode: undefined/unknown
	Isolation level: READ_COMMITTED [default READ_COMMITTED]
	JDBC fetch size: 10
	Pool: DataSourceConnectionProvider
	Minimum pool size: undefined/unknown
	Maximum pool size: undefined/unknown
2026-05-05 20:25:12 INFO  org.hibernate.orm.core - HHH000489: No JTA platform available (set 'hibernate.transaction.jta.platform' to enable JTA platform integration)
2026-05-05 20:25:12 INFO  o.s.o.j.LocalContainerEntityManagerFactoryBean - Initialized JPA EntityManagerFactory for persistence unit 'default'
2026-05-05 20:25:12 INFO  o.s.d.j.r.q.QueryEnhancerFactories - Hibernate is in classpath; If applicable, HQL parser will be used.
2026-05-05 20:25:12 WARN  o.s.b.j.a.JpaBaseConfiguration$JpaWebConfiguration - spring.jpa.open-in-view is enabled by default. Therefore, database queries may be performed during view rendering. Explicitly configure spring.jpa.open-in-view to disable this warning
2026-05-05 20:25:12 INFO  o.s.s.c.a.a.c.InitializeUserDetailsBeanManagerConfigurer$InitializeUserDetailsManagerConfigurer - Global AuthenticationManager configured with UserDetailsService bean with name userDetailsService
2026-05-05 20:25:13 INFO  o.s.b.a.e.web.EndpointLinksResolver - Exposing 1 endpoint beneath base path '/actuator'
2026-05-05 20:25:13 INFO  o.s.boot.tomcat.TomcatWebServer - Tomcat started on port 8088 (http) with context path '/'
2026-05-05 20:25:13 INFO  c.b.comuna.ComunaApplication - Started ComunaApplication in 4.439 seconds (process running for 4.902)
2026-05-05 20:25:15 INFO  o.a.c.c.C.[Tomcat].[localhost].[/] - Initializing Spring DispatcherServlet 'dispatcherServlet'
2026-05-05 20:25:15 INFO  o.s.web.servlet.DispatcherServlet - Initializing Servlet 'dispatcherServlet'
2026-05-05 20:25:15 INFO  o.s.web.servlet.DispatcherServlet - Completed initialization in 1 ms
2026-05-05 20:26:54 INFO  c.b.c.controller.ComunaController - Recibiendo solicitud para listar comunas
2026-05-05 20:32:38 INFO  o.s.boot.tomcat.GracefulShutdown - Commencing graceful shutdown. Waiting for active requests to complete
2026-05-05 20:32:38 INFO  o.s.boot.tomcat.GracefulShutdown - Graceful shutdown complete
2026-05-05 20:32:38 INFO  o.s.o.j.LocalContainerEntityManagerFactoryBean - Closing JPA EntityManagerFactory for persistence unit 'default'
2026-05-05 20:32:38 INFO  com.zaxxer.hikari.HikariDataSource - HikariPool-1 - Shutdown initiated...
2026-05-05 20:32:38 INFO  com.zaxxer.hikari.HikariDataSource - HikariPool-1 - Shutdown completed.
2026-05-05 20:34:22 INFO  c.b.comuna.ComunaApplication - Starting ComunaApplication using Java 17.0.12 with PID 51627 (/home/jos/Documentos/GitHub/Biblioteca_SG/Comuna/comuna/target/classes started by jos in /home/jos/Documentos/GitHub/Biblioteca_SG)
2026-05-05 20:34:22 DEBUG c.b.comuna.ComunaApplication - Running with Spring Boot v4.0.6, Spring v7.0.7
2026-05-05 20:34:22 INFO  c.b.comuna.ComunaApplication - No active profile set, falling back to 1 default profile: "default"
2026-05-05 20:34:22 INFO  o.s.d.r.c.RepositoryConfigurationDelegate - Bootstrapping Spring Data JPA repositories in DEFAULT mode.
2026-05-05 20:34:22 INFO  o.s.d.r.c.RepositoryConfigurationDelegate - Finished Spring Data repository scanning in 27 ms. Found 1 JPA repository interface.
2026-05-05 20:34:23 INFO  o.s.cloud.context.scope.GenericScope - BeanFactory id=8bb790b2-5f8f-3498-9287-5ba845a5b557
2026-05-05 20:34:23 INFO  o.s.boot.tomcat.TomcatWebServer - Tomcat initialized with port 8088 (http)
2026-05-05 20:34:23 INFO  o.a.catalina.core.StandardService - Starting service [Tomcat]
2026-05-05 20:34:23 INFO  o.a.catalina.core.StandardEngine - Starting Servlet engine: [Apache Tomcat/11.0.21]
2026-05-05 20:34:23 INFO  o.s.b.w.c.s.WebApplicationContextInitializer - Root WebApplicationContext: initialization completed in 1232 ms
2026-05-05 20:34:23 INFO  org.hibernate.orm.jpa - HHH008540: Processing PersistenceUnitInfo [name: default]
2026-05-05 20:34:23 INFO  org.hibernate.orm.core - HHH000001: Hibernate ORM core version 7.2.12.Final
2026-05-05 20:34:24 INFO  o.s.o.j.p.SpringPersistenceUnitInfo - No LoadTimeWeaver setup: ignoring JPA class transformer
2026-05-05 20:34:24 INFO  com.zaxxer.hikari.HikariDataSource - HikariPool-1 - Starting...
2026-05-05 20:34:24 INFO  com.zaxxer.hikari.pool.HikariPool - HikariPool-1 - Added connection oracle.jdbc.driver.T4CConnection@7d4bdbd8
2026-05-05 20:34:24 INFO  com.zaxxer.hikari.HikariDataSource - HikariPool-1 - Start completed.
2026-05-05 20:34:24 WARN  org.hibernate.orm.deprecation - HHH90000025: OracleDialect does not need to be specified explicitly using 'hibernate.dialect' (remove the property setting and it will be selected by default)
2026-05-05 20:34:24 WARN  org.hibernate.orm.jdbc - HHH100123: Low default JDBC fetch size: 10 (consider setting 'hibernate.jdbc.fetch_size')
2026-05-05 20:34:24 INFO  o.hibernate.orm.connections.pooling - HHH10001005: Database info:
	Database JDBC URL [jdbc:oracle:thin:@192.168.1.13:1521/xe]
	Database driver: Oracle JDBC driver
	Database dialect: OracleDialect
	Database version: 21.3
	Default catalog/schema: undefined/SG
	Autocommit mode: undefined/unknown
	Isolation level: READ_COMMITTED [default READ_COMMITTED]
	JDBC fetch size: 10
	Pool: DataSourceConnectionProvider
	Minimum pool size: undefined/unknown
	Maximum pool size: undefined/unknown
2026-05-05 20:34:25 INFO  org.hibernate.orm.core - HHH000489: No JTA platform available (set 'hibernate.transaction.jta.platform' to enable JTA platform integration)
2026-05-05 20:34:25 INFO  o.s.o.j.LocalContainerEntityManagerFactoryBean - Initialized JPA EntityManagerFactory for persistence unit 'default'
2026-05-05 20:34:25 INFO  o.s.d.j.r.q.QueryEnhancerFactories - Hibernate is in classpath; If applicable, HQL parser will be used.
2026-05-05 20:34:25 WARN  o.s.b.j.a.JpaBaseConfiguration$JpaWebConfiguration - spring.jpa.open-in-view is enabled by default. Therefore, database queries may be performed during view rendering. Explicitly configure spring.jpa.open-in-view to disable this warning
2026-05-05 20:34:25 INFO  o.s.s.c.a.a.c.InitializeUserDetailsBeanManagerConfigurer$InitializeUserDetailsManagerConfigurer - Global AuthenticationManager configured with UserDetailsService bean with name userDetailsService
2026-05-05 20:34:26 INFO  o.s.b.a.e.web.EndpointLinksResolver - Exposing 1 endpoint beneath base path '/actuator'
2026-05-05 20:34:26 INFO  o.s.boot.tomcat.TomcatWebServer - Tomcat started on port 8088 (http) with context path '/'
2026-05-05 20:34:26 INFO  c.b.comuna.ComunaApplication - Started ComunaApplication in 4.301 seconds (process running for 4.803)
2026-05-05 20:34:28 INFO  o.a.c.c.C.[Tomcat].[localhost].[/] - Initializing Spring DispatcherServlet 'dispatcherServlet'
2026-05-05 20:34:28 INFO  o.s.web.servlet.DispatcherServlet - Initializing Servlet 'dispatcherServlet'
2026-05-05 20:34:28 INFO  o.s.web.servlet.DispatcherServlet - Completed initialization in 2 ms
2026-05-05 20:34:50 INFO  o.s.boot.tomcat.GracefulShutdown - Commencing graceful shutdown. Waiting for active requests to complete
2026-05-05 20:34:50 INFO  o.s.boot.tomcat.GracefulShutdown - Graceful shutdown complete
2026-05-05 20:34:50 INFO  o.s.o.j.LocalContainerEntityManagerFactoryBean - Closing JPA EntityManagerFactory for persistence unit 'default'
2026-05-05 20:34:50 INFO  com.zaxxer.hikari.HikariDataSource - HikariPool-1 - Shutdown initiated...
2026-05-05 20:34:50 INFO  com.zaxxer.hikari.HikariDataSource - HikariPool-1 - Shutdown completed.
2026-05-05 20:36:05 INFO  c.b.comuna.ComunaApplication - Starting ComunaApplication using Java 17.0.12 with PID 52363 (/home/jos/Documentos/GitHub/Biblioteca_SG/Comuna/comuna/target/classes started by jos in /home/jos/Documentos/GitHub/Biblioteca_SG)
2026-05-05 20:36:05 DEBUG c.b.comuna.ComunaApplication - Running with Spring Boot v4.0.6, Spring v7.0.7
2026-05-05 20:36:05 INFO  c.b.comuna.ComunaApplication - No active profile set, falling back to 1 default profile: "default"
2026-05-05 20:36:06 INFO  o.s.d.r.c.RepositoryConfigurationDelegate - Bootstrapping Spring Data JPA repositories in DEFAULT mode.
2026-05-05 20:36:06 INFO  o.s.d.r.c.RepositoryConfigurationDelegate - Finished Spring Data repository scanning in 26 ms. Found 1 JPA repository interface.
2026-05-05 20:36:06 INFO  o.s.cloud.context.scope.GenericScope - BeanFactory id=3b50d18b-6451-3f4e-be9f-01d236205b83
2026-05-05 20:36:06 INFO  o.s.boot.tomcat.TomcatWebServer - Tomcat initialized with port 8088 (http)
2026-05-05 20:36:06 INFO  o.a.catalina.core.StandardService - Starting service [Tomcat]
2026-05-05 20:36:06 INFO  o.a.catalina.core.StandardEngine - Starting Servlet engine: [Apache Tomcat/11.0.21]
2026-05-05 20:36:06 INFO  o.s.b.w.c.s.WebApplicationContextInitializer - Root WebApplicationContext: initialization completed in 1179 ms
2026-05-05 20:36:06 INFO  org.hibernate.orm.jpa - HHH008540: Processing PersistenceUnitInfo [name: default]
2026-05-05 20:36:06 INFO  org.hibernate.orm.core - HHH000001: Hibernate ORM core version 7.2.12.Final
2026-05-05 20:36:07 INFO  o.s.o.j.p.SpringPersistenceUnitInfo - No LoadTimeWeaver setup: ignoring JPA class transformer
2026-05-05 20:36:07 INFO  com.zaxxer.hikari.HikariDataSource - HikariPool-1 - Starting...
2026-05-05 20:36:07 INFO  com.zaxxer.hikari.pool.HikariPool - HikariPool-1 - Added connection oracle.jdbc.driver.T4CConnection@c0521e5
2026-05-05 20:36:07 INFO  com.zaxxer.hikari.HikariDataSource - HikariPool-1 - Start completed.
2026-05-05 20:36:07 WARN  org.hibernate.orm.deprecation - HHH90000025: OracleDialect does not need to be specified explicitly using 'hibernate.dialect' (remove the property setting and it will be selected by default)
2026-05-05 20:36:07 WARN  org.hibernate.orm.jdbc - HHH100123: Low default JDBC fetch size: 10 (consider setting 'hibernate.jdbc.fetch_size')
2026-05-05 20:36:07 INFO  o.hibernate.orm.connections.pooling - HHH10001005: Database info:
	Database JDBC URL [jdbc:oracle:thin:@192.168.1.13:1521/xe]
	Database driver: Oracle JDBC driver
	Database dialect: OracleDialect
	Database version: 21.3
	Default catalog/schema: undefined/SG
	Autocommit mode: undefined/unknown
	Isolation level: READ_COMMITTED [default READ_COMMITTED]
	JDBC fetch size: 10
	Pool: DataSourceConnectionProvider
	Minimum pool size: undefined/unknown
	Maximum pool size: undefined/unknown
2026-05-05 20:36:08 INFO  org.hibernate.orm.core - HHH000489: No JTA platform available (set 'hibernate.transaction.jta.platform' to enable JTA platform integration)
2026-05-05 20:36:08 INFO  o.s.o.j.LocalContainerEntityManagerFactoryBean - Initialized JPA EntityManagerFactory for persistence unit 'default'
2026-05-05 20:36:08 INFO  o.s.d.j.r.q.QueryEnhancerFactories - Hibernate is in classpath; If applicable, HQL parser will be used.
2026-05-05 20:36:08 WARN  o.s.b.j.a.JpaBaseConfiguration$JpaWebConfiguration - spring.jpa.open-in-view is enabled by default. Therefore, database queries may be performed during view rendering. Explicitly configure spring.jpa.open-in-view to disable this warning
2026-05-05 20:36:08 INFO  o.s.s.c.a.a.c.InitializeUserDetailsBeanManagerConfigurer$InitializeUserDetailsManagerConfigurer - Global AuthenticationManager configured with UserDetailsService bean with name userDetailsService
2026-05-05 20:36:09 INFO  o.s.b.a.e.web.EndpointLinksResolver - Exposing 1 endpoint beneath base path '/actuator'
2026-05-05 20:36:09 INFO  o.s.boot.tomcat.TomcatWebServer - Tomcat started on port 8088 (http) with context path '/'
2026-05-05 20:36:09 INFO  c.b.comuna.ComunaApplication - Started ComunaApplication in 4.247 seconds (process running for 4.709)
2026-05-05 20:36:11 INFO  o.a.c.c.C.[Tomcat].[localhost].[/] - Initializing Spring DispatcherServlet 'dispatcherServlet'
2026-05-05 20:36:11 INFO  o.s.web.servlet.DispatcherServlet - Initializing Servlet 'dispatcherServlet'
2026-05-05 20:36:11 INFO  o.s.web.servlet.DispatcherServlet - Completed initialization in 1 ms
2026-05-05 20:36:29 INFO  c.b.c.controller.ComunaController - Recibiendo solicitud para buscar comuna por id
2026-05-05 20:36:44 INFO  o.s.boot.tomcat.GracefulShutdown - Commencing graceful shutdown. Waiting for active requests to complete
2026-05-05 20:36:44 INFO  o.s.boot.tomcat.GracefulShutdown - Graceful shutdown complete
2026-05-05 20:36:44 INFO  o.s.o.j.LocalContainerEntityManagerFactoryBean - Closing JPA EntityManagerFactory for persistence unit 'default'
2026-05-05 20:36:44 INFO  com.zaxxer.hikari.HikariDataSource - HikariPool-1 - Shutdown initiated...
2026-05-05 20:36:44 INFO  com.zaxxer.hikari.HikariDataSource - HikariPool-1 - Shutdown completed.
2026-05-05 20:39:36 INFO  c.b.comuna.ComunaApplication - Starting ComunaApplication using Java 17.0.12 with PID 53908 (/home/jos/Documentos/GitHub/Biblioteca_SG/Comuna/comuna/target/classes started by jos in /home/jos/Documentos/GitHub/Biblioteca_SG)
2026-05-05 20:39:36 DEBUG c.b.comuna.ComunaApplication - Running with Spring Boot v4.0.6, Spring v7.0.7
2026-05-05 20:39:36 INFO  c.b.comuna.ComunaApplication - No active profile set, falling back to 1 default profile: "default"
2026-05-05 20:39:36 INFO  o.s.d.r.c.RepositoryConfigurationDelegate - Bootstrapping Spring Data JPA repositories in DEFAULT mode.
2026-05-05 20:39:36 INFO  o.s.d.r.c.RepositoryConfigurationDelegate - Finished Spring Data repository scanning in 27 ms. Found 1 JPA repository interface.
2026-05-05 20:39:37 INFO  o.s.cloud.context.scope.GenericScope - BeanFactory id=8bb790b2-5f8f-3498-9287-5ba845a5b557
2026-05-05 20:39:37 INFO  o.s.boot.tomcat.TomcatWebServer - Tomcat initialized with port 8088 (http)
2026-05-05 20:39:37 INFO  o.a.catalina.core.StandardService - Starting service [Tomcat]
2026-05-05 20:39:37 INFO  o.a.catalina.core.StandardEngine - Starting Servlet engine: [Apache Tomcat/11.0.21]
2026-05-05 20:39:37 INFO  o.s.b.w.c.s.WebApplicationContextInitializer - Root WebApplicationContext: initialization completed in 1165 ms
2026-05-05 20:39:37 INFO  org.hibernate.orm.jpa - HHH008540: Processing PersistenceUnitInfo [name: default]
2026-05-05 20:39:37 INFO  org.hibernate.orm.core - HHH000001: Hibernate ORM core version 7.2.12.Final
2026-05-05 20:39:38 INFO  o.s.o.j.p.SpringPersistenceUnitInfo - No LoadTimeWeaver setup: ignoring JPA class transformer
2026-05-05 20:39:38 INFO  com.zaxxer.hikari.HikariDataSource - HikariPool-1 - Starting...
2026-05-05 20:39:38 INFO  com.zaxxer.hikari.pool.HikariPool - HikariPool-1 - Added connection oracle.jdbc.driver.T4CConnection@2c557eee
2026-05-05 20:39:38 INFO  com.zaxxer.hikari.HikariDataSource - HikariPool-1 - Start completed.
2026-05-05 20:39:38 WARN  org.hibernate.orm.deprecation - HHH90000025: OracleDialect does not need to be specified explicitly using 'hibernate.dialect' (remove the property setting and it will be selected by default)
2026-05-05 20:39:38 WARN  org.hibernate.orm.jdbc - HHH100123: Low default JDBC fetch size: 10 (consider setting 'hibernate.jdbc.fetch_size')
2026-05-05 20:39:38 INFO  o.hibernate.orm.connections.pooling - HHH10001005: Database info:
	Database JDBC URL [jdbc:oracle:thin:@192.168.1.13:1521/xe]
	Database driver: Oracle JDBC driver
	Database dialect: OracleDialect
	Database version: 21.3
	Default catalog/schema: undefined/SG
	Autocommit mode: undefined/unknown
	Isolation level: READ_COMMITTED [default READ_COMMITTED]
	JDBC fetch size: 10
	Pool: DataSourceConnectionProvider
	Minimum pool size: undefined/unknown
	Maximum pool size: undefined/unknown
2026-05-05 20:39:39 INFO  org.hibernate.orm.core - HHH000489: No JTA platform available (set 'hibernate.transaction.jta.platform' to enable JTA platform integration)
2026-05-05 20:39:39 INFO  o.s.o.j.LocalContainerEntityManagerFactoryBean - Initialized JPA EntityManagerFactory for persistence unit 'default'
2026-05-05 20:39:39 INFO  o.s.d.j.r.q.QueryEnhancerFactories - Hibernate is in classpath; If applicable, HQL parser will be used.
2026-05-05 20:39:39 WARN  o.s.b.j.a.JpaBaseConfiguration$JpaWebConfiguration - spring.jpa.open-in-view is enabled by default. Therefore, database queries may be performed during view rendering. Explicitly configure spring.jpa.open-in-view to disable this warning
2026-05-05 20:39:39 INFO  o.s.s.c.a.a.c.InitializeUserDetailsBeanManagerConfigurer$InitializeUserDetailsManagerConfigurer - Global AuthenticationManager configured with UserDetailsService bean with name userDetailsService
2026-05-05 20:39:40 INFO  o.s.b.a.e.web.EndpointLinksResolver - Exposing 1 endpoint beneath base path '/actuator'
2026-05-05 20:39:40 INFO  o.s.boot.tomcat.TomcatWebServer - Tomcat started on port 8088 (http) with context path '/'
2026-05-05 20:39:40 INFO  c.b.comuna.ComunaApplication - Started ComunaApplication in 4.353 seconds (process running for 4.831)
2026-05-05 20:39:41 INFO  o.a.c.c.C.[Tomcat].[localhost].[/] - Initializing Spring DispatcherServlet 'dispatcherServlet'
2026-05-05 20:39:41 INFO  o.s.web.servlet.DispatcherServlet - Initializing Servlet 'dispatcherServlet'
2026-05-05 20:39:41 INFO  o.s.web.servlet.DispatcherServlet - Completed initialization in 2 ms
2026-05-05 20:39:52 INFO  o.s.boot.tomcat.GracefulShutdown - Commencing graceful shutdown. Waiting for active requests to complete
2026-05-05 20:39:52 INFO  o.s.boot.tomcat.GracefulShutdown - Graceful shutdown complete
2026-05-05 20:39:52 INFO  o.s.o.j.LocalContainerEntityManagerFactoryBean - Closing JPA EntityManagerFactory for persistence unit 'default'
2026-05-05 20:39:52 INFO  com.zaxxer.hikari.HikariDataSource - HikariPool-1 - Shutdown initiated...
2026-05-05 20:39:52 INFO  com.zaxxer.hikari.HikariDataSource - HikariPool-1 - Shutdown completed.
2026-05-05 20:42:52 INFO  c.b.comuna.ComunaApplication - Starting ComunaApplication using Java 17.0.12 with PID 55146 (/home/jos/Documentos/GitHub/Biblioteca_SG/Comuna/comuna/target/classes started by jos in /home/jos/Documentos/GitHub/Biblioteca_SG)
2026-05-05 20:42:52 DEBUG c.b.comuna.ComunaApplication - Running with Spring Boot v4.0.6, Spring v7.0.7
2026-05-05 20:42:52 INFO  c.b.comuna.ComunaApplication - No active profile set, falling back to 1 default profile: "default"
2026-05-05 20:42:53 INFO  o.s.d.r.c.RepositoryConfigurationDelegate - Bootstrapping Spring Data JPA repositories in DEFAULT mode.
2026-05-05 20:42:53 INFO  o.s.d.r.c.RepositoryConfigurationDelegate - Finished Spring Data repository scanning in 27 ms. Found 1 JPA repository interface.
2026-05-05 20:42:53 INFO  o.s.cloud.context.scope.GenericScope - BeanFactory id=8bb790b2-5f8f-3498-9287-5ba845a5b557
2026-05-05 20:42:54 INFO  o.s.boot.tomcat.TomcatWebServer - Tomcat initialized with port 8088 (http)
2026-05-05 20:42:54 INFO  o.a.catalina.core.StandardService - Starting service [Tomcat]
2026-05-05 20:42:54 INFO  o.a.catalina.core.StandardEngine - Starting Servlet engine: [Apache Tomcat/11.0.21]
2026-05-05 20:42:54 INFO  o.s.b.w.c.s.WebApplicationContextInitializer - Root WebApplicationContext: initialization completed in 1200 ms
2026-05-05 20:42:54 INFO  org.hibernate.orm.jpa - HHH008540: Processing PersistenceUnitInfo [name: default]
2026-05-05 20:42:54 INFO  org.hibernate.orm.core - HHH000001: Hibernate ORM core version 7.2.12.Final
2026-05-05 20:42:54 INFO  o.s.o.j.p.SpringPersistenceUnitInfo - No LoadTimeWeaver setup: ignoring JPA class transformer
2026-05-05 20:42:54 INFO  com.zaxxer.hikari.HikariDataSource - HikariPool-1 - Starting...
2026-05-05 20:42:55 INFO  com.zaxxer.hikari.pool.HikariPool - HikariPool-1 - Added connection oracle.jdbc.driver.T4CConnection@c0521e5
2026-05-05 20:42:55 INFO  com.zaxxer.hikari.HikariDataSource - HikariPool-1 - Start completed.
2026-05-05 20:42:55 WARN  org.hibernate.orm.deprecation - HHH90000025: OracleDialect does not need to be specified explicitly using 'hibernate.dialect' (remove the property setting and it will be selected by default)
2026-05-05 20:42:55 WARN  org.hibernate.orm.jdbc - HHH100123: Low default JDBC fetch size: 10 (consider setting 'hibernate.jdbc.fetch_size')
2026-05-05 20:42:55 INFO  o.hibernate.orm.connections.pooling - HHH10001005: Database info:
	Database JDBC URL [jdbc:oracle:thin:@192.168.1.13:1521/xe]
	Database driver: Oracle JDBC driver
	Database dialect: OracleDialect
	Database version: 21.3
	Default catalog/schema: undefined/SG
	Autocommit mode: undefined/unknown
	Isolation level: READ_COMMITTED [default READ_COMMITTED]
	JDBC fetch size: 10
	Pool: DataSourceConnectionProvider
	Minimum pool size: undefined/unknown
	Maximum pool size: undefined/unknown
2026-05-05 20:42:55 INFO  org.hibernate.orm.core - HHH000489: No JTA platform available (set 'hibernate.transaction.jta.platform' to enable JTA platform integration)
2026-05-05 20:42:55 INFO  o.s.o.j.LocalContainerEntityManagerFactoryBean - Initialized JPA EntityManagerFactory for persistence unit 'default'
2026-05-05 20:42:55 INFO  o.s.d.j.r.q.QueryEnhancerFactories - Hibernate is in classpath; If applicable, HQL parser will be used.
2026-05-05 20:42:56 WARN  o.s.b.j.a.JpaBaseConfiguration$JpaWebConfiguration - spring.jpa.open-in-view is enabled by default. Therefore, database queries may be performed during view rendering. Explicitly configure spring.jpa.open-in-view to disable this warning
2026-05-05 20:42:56 INFO  o.s.s.c.a.a.c.InitializeUserDetailsBeanManagerConfigurer$InitializeUserDetailsManagerConfigurer - Global AuthenticationManager configured with UserDetailsService bean with name userDetailsService
2026-05-05 20:42:56 INFO  o.s.b.a.e.web.EndpointLinksResolver - Exposing 1 endpoint beneath base path '/actuator'
2026-05-05 20:42:56 INFO  o.s.boot.tomcat.TomcatWebServer - Tomcat started on port 8088 (http) with context path '/'
2026-05-05 20:42:56 INFO  c.b.comuna.ComunaApplication - Started ComunaApplication in 4.186 seconds (process running for 4.672)
2026-05-05 20:42:58 INFO  o.a.c.c.C.[Tomcat].[localhost].[/] - Initializing Spring DispatcherServlet 'dispatcherServlet'
2026-05-05 20:42:58 INFO  o.s.web.servlet.DispatcherServlet - Initializing Servlet 'dispatcherServlet'
2026-05-05 20:42:58 INFO  o.s.web.servlet.DispatcherServlet - Completed initialization in 1 ms
2026-05-05 20:43:18 INFO  c.b.c.controller.ComunaController - Recibiendo solicitud para buscar comuna por id
2026-05-05 20:43:29 INFO  c.b.c.controller.ComunaController - Recibiendo solicitud para buscar comunas por nombre
2026-05-05 20:43:37 INFO  c.b.c.controller.ComunaController - Recibiendo solicitud para buscar comunas por nombre
2026-05-05 20:44:05 INFO  c.b.c.controller.ComunaController - Recibiendo solicitud para buscar comunas por nombre
2026-05-05 20:44:50 INFO  o.s.boot.tomcat.GracefulShutdown - Commencing graceful shutdown. Waiting for active requests to complete
2026-05-05 20:44:50 INFO  o.s.boot.tomcat.GracefulShutdown - Graceful shutdown complete
2026-05-05 20:44:50 INFO  o.s.o.j.LocalContainerEntityManagerFactoryBean - Closing JPA EntityManagerFactory for persistence unit 'default'
2026-05-05 20:44:50 INFO  com.zaxxer.hikari.HikariDataSource - HikariPool-1 - Shutdown initiated...
2026-05-05 20:44:50 INFO  com.zaxxer.hikari.HikariDataSource - HikariPool-1 - Shutdown completed.
2026-05-05 20:46:20 INFO  c.b.comuna.ComunaApplication - Starting ComunaApplication using Java 17.0.12 with PID 56874 (/home/jos/Documentos/GitHub/Biblioteca_SG/Comuna/comuna/target/classes started by jos in /home/jos/Documentos/GitHub/Biblioteca_SG)
2026-05-05 20:46:20 DEBUG c.b.comuna.ComunaApplication - Running with Spring Boot v4.0.6, Spring v7.0.7
2026-05-05 20:46:20 INFO  c.b.comuna.ComunaApplication - No active profile set, falling back to 1 default profile: "default"
2026-05-05 20:46:20 INFO  o.s.d.r.c.RepositoryConfigurationDelegate - Bootstrapping Spring Data JPA repositories in DEFAULT mode.
2026-05-05 20:46:20 INFO  o.s.d.r.c.RepositoryConfigurationDelegate - Finished Spring Data repository scanning in 30 ms. Found 1 JPA repository interface.
2026-05-05 20:46:20 INFO  o.s.cloud.context.scope.GenericScope - BeanFactory id=8bb790b2-5f8f-3498-9287-5ba845a5b557
2026-05-05 20:46:21 INFO  o.s.boot.tomcat.TomcatWebServer - Tomcat initialized with port 8088 (http)
2026-05-05 20:46:21 INFO  o.a.catalina.core.StandardService - Starting service [Tomcat]
2026-05-05 20:46:21 INFO  o.a.catalina.core.StandardEngine - Starting Servlet engine: [Apache Tomcat/11.0.21]
2026-05-05 20:46:21 INFO  o.s.b.w.c.s.WebApplicationContextInitializer - Root WebApplicationContext: initialization completed in 1210 ms
2026-05-05 20:46:21 INFO  org.hibernate.orm.jpa - HHH008540: Processing PersistenceUnitInfo [name: default]
2026-05-05 20:46:21 INFO  org.hibernate.orm.core - HHH000001: Hibernate ORM core version 7.2.12.Final
2026-05-05 20:46:21 INFO  o.s.o.j.p.SpringPersistenceUnitInfo - No LoadTimeWeaver setup: ignoring JPA class transformer
2026-05-05 20:46:21 INFO  com.zaxxer.hikari.HikariDataSource - HikariPool-1 - Starting...
2026-05-05 20:46:22 INFO  com.zaxxer.hikari.pool.HikariPool - HikariPool-1 - Added connection oracle.jdbc.driver.T4CConnection@3fad8636
2026-05-05 20:46:22 INFO  com.zaxxer.hikari.HikariDataSource - HikariPool-1 - Start completed.
2026-05-05 20:46:22 WARN  org.hibernate.orm.deprecation - HHH90000025: OracleDialect does not need to be specified explicitly using 'hibernate.dialect' (remove the property setting and it will be selected by default)
2026-05-05 20:46:22 WARN  org.hibernate.orm.jdbc - HHH100123: Low default JDBC fetch size: 10 (consider setting 'hibernate.jdbc.fetch_size')
2026-05-05 20:46:22 INFO  o.hibernate.orm.connections.pooling - HHH10001005: Database info:
	Database JDBC URL [jdbc:oracle:thin:@192.168.1.13:1521/xe]
	Database driver: Oracle JDBC driver
	Database dialect: OracleDialect
	Database version: 21.3
	Default catalog/schema: undefined/SG
	Autocommit mode: undefined/unknown
	Isolation level: READ_COMMITTED [default READ_COMMITTED]
	JDBC fetch size: 10
	Pool: DataSourceConnectionProvider
	Minimum pool size: undefined/unknown
	Maximum pool size: undefined/unknown
2026-05-05 20:46:23 INFO  org.hibernate.orm.core - HHH000489: No JTA platform available (set 'hibernate.transaction.jta.platform' to enable JTA platform integration)
2026-05-05 20:46:23 INFO  o.s.o.j.LocalContainerEntityManagerFactoryBean - Initialized JPA EntityManagerFactory for persistence unit 'default'
2026-05-05 20:46:23 INFO  o.s.d.j.r.q.QueryEnhancerFactories - Hibernate is in classpath; If applicable, HQL parser will be used.
2026-05-05 20:46:23 WARN  o.s.b.j.a.JpaBaseConfiguration$JpaWebConfiguration - spring.jpa.open-in-view is enabled by default. Therefore, database queries may be performed during view rendering. Explicitly configure spring.jpa.open-in-view to disable this warning
2026-05-05 20:46:23 INFO  o.s.s.c.a.a.c.InitializeUserDetailsBeanManagerConfigurer$InitializeUserDetailsManagerConfigurer - Global AuthenticationManager configured with UserDetailsService bean with name userDetailsService
2026-05-05 20:46:23 INFO  o.s.b.a.e.web.EndpointLinksResolver - Exposing 1 endpoint beneath base path '/actuator'
2026-05-05 20:46:23 INFO  o.s.boot.tomcat.TomcatWebServer - Tomcat started on port 8088 (http) with context path '/'
2026-05-05 20:46:24 INFO  c.b.comuna.ComunaApplication - Started ComunaApplication in 4.261 seconds (process running for 4.719)
2026-05-05 20:46:50 INFO  o.a.c.c.C.[Tomcat].[localhost].[/] - Initializing Spring DispatcherServlet 'dispatcherServlet'
2026-05-05 20:46:50 INFO  o.s.web.servlet.DispatcherServlet - Initializing Servlet 'dispatcherServlet'
2026-05-05 20:46:50 INFO  o.s.web.servlet.DispatcherServlet - Completed initialization in 2 ms
2026-05-05 20:49:27 INFO  o.s.boot.tomcat.GracefulShutdown - Commencing graceful shutdown. Waiting for active requests to complete
2026-05-05 20:49:27 INFO  o.s.boot.tomcat.GracefulShutdown - Graceful shutdown complete
2026-05-05 20:49:27 INFO  o.s.o.j.LocalContainerEntityManagerFactoryBean - Closing JPA EntityManagerFactory for persistence unit 'default'
2026-05-05 20:49:27 INFO  com.zaxxer.hikari.HikariDataSource - HikariPool-1 - Shutdown initiated...
2026-05-05 20:49:27 INFO  com.zaxxer.hikari.HikariDataSource - HikariPool-1 - Shutdown completed.
2026-05-05 20:50:26 INFO  c.b.comuna.ComunaApplication - Starting ComunaApplication using Java 17.0.12 with PID 58286 (/home/jos/Documentos/GitHub/Biblioteca_SG/Comuna/comuna/target/classes started by jos in /home/jos/Documentos/GitHub/Biblioteca_SG)
2026-05-05 20:50:26 DEBUG c.b.comuna.ComunaApplication - Running with Spring Boot v4.0.6, Spring v7.0.7
2026-05-05 20:50:26 INFO  c.b.comuna.ComunaApplication - No active profile set, falling back to 1 default profile: "default"
2026-05-05 20:50:27 INFO  o.s.d.r.c.RepositoryConfigurationDelegate - Bootstrapping Spring Data JPA repositories in DEFAULT mode.
2026-05-05 20:50:27 INFO  o.s.d.r.c.RepositoryConfigurationDelegate - Finished Spring Data repository scanning in 27 ms. Found 1 JPA repository interface.
2026-05-05 20:50:28 INFO  o.s.cloud.context.scope.GenericScope - BeanFactory id=8bb790b2-5f8f-3498-9287-5ba845a5b557
2026-05-05 20:50:28 INFO  o.s.boot.tomcat.TomcatWebServer - Tomcat initialized with port 8088 (http)
2026-05-05 20:50:28 INFO  o.a.catalina.core.StandardService - Starting service [Tomcat]
2026-05-05 20:50:28 INFO  o.a.catalina.core.StandardEngine - Starting Servlet engine: [Apache Tomcat/11.0.21]
2026-05-05 20:50:28 INFO  o.s.b.w.c.s.WebApplicationContextInitializer - Root WebApplicationContext: initialization completed in 1374 ms
2026-05-05 20:50:28 INFO  org.hibernate.orm.jpa - HHH008540: Processing PersistenceUnitInfo [name: default]
2026-05-05 20:50:28 INFO  org.hibernate.orm.core - HHH000001: Hibernate ORM core version 7.2.12.Final
2026-05-05 20:50:28 INFO  o.s.o.j.p.SpringPersistenceUnitInfo - No LoadTimeWeaver setup: ignoring JPA class transformer
2026-05-05 20:50:28 INFO  com.zaxxer.hikari.HikariDataSource - HikariPool-1 - Starting...
2026-05-05 20:50:29 INFO  com.zaxxer.hikari.pool.HikariPool - HikariPool-1 - Added connection oracle.jdbc.driver.T4CConnection@42c9b1ee
2026-05-05 20:50:29 INFO  com.zaxxer.hikari.HikariDataSource - HikariPool-1 - Start completed.
2026-05-05 20:50:29 WARN  org.hibernate.orm.deprecation - HHH90000025: OracleDialect does not need to be specified explicitly using 'hibernate.dialect' (remove the property setting and it will be selected by default)
2026-05-05 20:50:29 WARN  org.hibernate.orm.jdbc - HHH100123: Low default JDBC fetch size: 10 (consider setting 'hibernate.jdbc.fetch_size')
2026-05-05 20:50:29 INFO  o.hibernate.orm.connections.pooling - HHH10001005: Database info:
	Database JDBC URL [jdbc:oracle:thin:@192.168.1.13:1521/xe]
	Database driver: Oracle JDBC driver
	Database dialect: OracleDialect
	Database version: 21.3
	Default catalog/schema: undefined/SG
	Autocommit mode: undefined/unknown
	Isolation level: READ_COMMITTED [default READ_COMMITTED]
	JDBC fetch size: 10
	Pool: DataSourceConnectionProvider
	Minimum pool size: undefined/unknown
	Maximum pool size: undefined/unknown
2026-05-05 20:50:30 INFO  org.hibernate.orm.core - HHH000489: No JTA platform available (set 'hibernate.transaction.jta.platform' to enable JTA platform integration)
2026-05-05 20:50:30 INFO  o.s.o.j.LocalContainerEntityManagerFactoryBean - Initialized JPA EntityManagerFactory for persistence unit 'default'
2026-05-05 20:50:30 INFO  o.s.d.j.r.q.QueryEnhancerFactories - Hibernate is in classpath; If applicable, HQL parser will be used.
2026-05-05 20:50:30 WARN  o.s.b.j.a.JpaBaseConfiguration$JpaWebConfiguration - spring.jpa.open-in-view is enabled by default. Therefore, database queries may be performed during view rendering. Explicitly configure spring.jpa.open-in-view to disable this warning
2026-05-05 20:50:30 INFO  o.s.s.c.a.a.c.InitializeUserDetailsBeanManagerConfigurer$InitializeUserDetailsManagerConfigurer - Global AuthenticationManager configured with UserDetailsService bean with name userDetailsService
2026-05-05 20:50:30 INFO  o.s.b.a.e.web.EndpointLinksResolver - Exposing 1 endpoint beneath base path '/actuator'
2026-05-05 20:50:31 INFO  o.s.boot.tomcat.TomcatWebServer - Tomcat started on port 8088 (http) with context path '/'
2026-05-05 20:50:31 INFO  c.b.comuna.ComunaApplication - Started ComunaApplication in 4.42 seconds (process running for 4.892)
2026-05-05 20:50:42 INFO  o.a.c.c.C.[Tomcat].[localhost].[/] - Initializing Spring DispatcherServlet 'dispatcherServlet'
2026-05-05 20:50:42 INFO  o.s.web.servlet.DispatcherServlet - Initializing Servlet 'dispatcherServlet'
2026-05-05 20:50:42 INFO  o.s.web.servlet.DispatcherServlet - Completed initialization in 2 ms
2026-05-05 20:53:04 INFO  o.s.boot.tomcat.GracefulShutdown - Commencing graceful shutdown. Waiting for active requests to complete
2026-05-05 20:53:04 INFO  o.s.boot.tomcat.GracefulShutdown - Graceful shutdown complete
2026-05-05 20:53:04 INFO  o.s.o.j.LocalContainerEntityManagerFactoryBean - Closing JPA EntityManagerFactory for persistence unit 'default'
2026-05-05 20:53:04 INFO  com.zaxxer.hikari.HikariDataSource - HikariPool-1 - Shutdown initiated...
2026-05-05 20:53:04 INFO  com.zaxxer.hikari.HikariDataSource - HikariPool-1 - Shutdown completed.
2026-05-05 20:53:23 INFO  c.b.comuna.ComunaApplication - Starting ComunaApplication using Java 17.0.12 with PID 59599 (/home/jos/Documentos/GitHub/Biblioteca_SG/Comuna/comuna/target/classes started by jos in /home/jos/Documentos/GitHub/Biblioteca_SG)
2026-05-05 20:53:23 DEBUG c.b.comuna.ComunaApplication - Running with Spring Boot v4.0.6, Spring v7.0.7
2026-05-05 20:53:23 INFO  c.b.comuna.ComunaApplication - No active profile set, falling back to 1 default profile: "default"
2026-05-05 20:53:24 INFO  o.s.d.r.c.RepositoryConfigurationDelegate - Bootstrapping Spring Data JPA repositories in DEFAULT mode.
2026-05-05 20:53:24 INFO  o.s.d.r.c.RepositoryConfigurationDelegate - Finished Spring Data repository scanning in 29 ms. Found 1 JPA repository interface.
2026-05-05 20:53:24 INFO  o.s.cloud.context.scope.GenericScope - BeanFactory id=8bb790b2-5f8f-3498-9287-5ba845a5b557
2026-05-05 20:53:25 INFO  o.s.boot.tomcat.TomcatWebServer - Tomcat initialized with port 8088 (http)
2026-05-05 20:53:25 INFO  o.a.catalina.core.StandardService - Starting service [Tomcat]
2026-05-05 20:53:25 INFO  o.a.catalina.core.StandardEngine - Starting Servlet engine: [Apache Tomcat/11.0.21]
2026-05-05 20:53:25 INFO  o.s.b.w.c.s.WebApplicationContextInitializer - Root WebApplicationContext: initialization completed in 1301 ms
2026-05-05 20:53:25 INFO  org.hibernate.orm.jpa - HHH008540: Processing PersistenceUnitInfo [name: default]
2026-05-05 20:53:25 INFO  org.hibernate.orm.core - HHH000001: Hibernate ORM core version 7.2.12.Final
2026-05-05 20:53:25 INFO  o.s.o.j.p.SpringPersistenceUnitInfo - No LoadTimeWeaver setup: ignoring JPA class transformer
2026-05-05 20:53:25 INFO  com.zaxxer.hikari.HikariDataSource - HikariPool-1 - Starting...
2026-05-05 20:53:26 INFO  com.zaxxer.hikari.pool.HikariPool - HikariPool-1 - Added connection oracle.jdbc.driver.T4CConnection@1d167630
2026-05-05 20:53:26 INFO  com.zaxxer.hikari.HikariDataSource - HikariPool-1 - Start completed.
2026-05-05 20:53:26 WARN  org.hibernate.orm.deprecation - HHH90000025: OracleDialect does not need to be specified explicitly using 'hibernate.dialect' (remove the property setting and it will be selected by default)
2026-05-05 20:53:26 WARN  org.hibernate.orm.jdbc - HHH100123: Low default JDBC fetch size: 10 (consider setting 'hibernate.jdbc.fetch_size')
2026-05-05 20:53:26 INFO  o.hibernate.orm.connections.pooling - HHH10001005: Database info:
	Database JDBC URL [jdbc:oracle:thin:@192.168.1.13:1521/xe]
	Database driver: Oracle JDBC driver
	Database dialect: OracleDialect
	Database version: 21.3
	Default catalog/schema: undefined/SG
	Autocommit mode: undefined/unknown
	Isolation level: READ_COMMITTED [default READ_COMMITTED]
	JDBC fetch size: 10
	Pool: DataSourceConnectionProvider
	Minimum pool size: undefined/unknown
	Maximum pool size: undefined/unknown
2026-05-05 20:53:27 INFO  org.hibernate.orm.core - HHH000489: No JTA platform available (set 'hibernate.transaction.jta.platform' to enable JTA platform integration)
2026-05-05 20:53:27 INFO  o.s.o.j.LocalContainerEntityManagerFactoryBean - Initialized JPA EntityManagerFactory for persistence unit 'default'
2026-05-05 20:53:27 INFO  o.s.d.j.r.q.QueryEnhancerFactories - Hibernate is in classpath; If applicable, HQL parser will be used.
2026-05-05 20:53:27 WARN  o.s.b.j.a.JpaBaseConfiguration$JpaWebConfiguration - spring.jpa.open-in-view is enabled by default. Therefore, database queries may be performed during view rendering. Explicitly configure spring.jpa.open-in-view to disable this warning
2026-05-05 20:53:27 INFO  o.s.s.c.a.a.c.InitializeUserDetailsBeanManagerConfigurer$InitializeUserDetailsManagerConfigurer - Global AuthenticationManager configured with UserDetailsService bean with name userDetailsService
2026-05-05 20:53:28 INFO  o.s.b.a.e.web.EndpointLinksResolver - Exposing 1 endpoint beneath base path '/actuator'
2026-05-05 20:53:28 INFO  o.s.boot.tomcat.TomcatWebServer - Tomcat started on port 8088 (http) with context path '/'
2026-05-05 20:53:28 INFO  c.b.comuna.ComunaApplication - Started ComunaApplication in 4.646 seconds (process running for 5.135)
2026-05-05 20:53:28 INFO  o.a.c.c.C.[Tomcat].[localhost].[/] - Initializing Spring DispatcherServlet 'dispatcherServlet'
2026-05-05 20:53:28 INFO  o.s.web.servlet.DispatcherServlet - Initializing Servlet 'dispatcherServlet'
2026-05-05 20:53:28 INFO  o.s.web.servlet.DispatcherServlet - Completed initialization in 2 ms
2026-05-05 20:53:28 INFO  c.b.c.controller.ComunaController - Recibiendo solicitud para listar comunas
2026-05-05 20:53:46 INFO  c.b.c.controller.ComunaController - Recibiendo solicitud para buscar comunas por nombre
2026-05-05 20:53:51 INFO  c.b.c.controller.ComunaController - Recibiendo solicitud para buscar comunas por nombre
2026-05-05 20:53:57 INFO  c.b.c.controller.ComunaController - Recibiendo solicitud para buscar comunas por nombre
2026-05-05 20:54:10 INFO  c.b.c.controller.ComunaController - Recibiendo solicitud para buscar comunas por nombre
2026-05-05 20:54:13 INFO  c.b.c.controller.ComunaController - Recibiendo solicitud para buscar comunas por nombre
2026-05-05 20:54:16 INFO  c.b.c.controller.ComunaController - Recibiendo solicitud para buscar comunas por nombre
2026-05-05 20:54:24 INFO  c.b.c.controller.ComunaController - Recibiendo solicitud para buscar comunas por nombre
2026-05-05 20:54:28 INFO  c.b.c.controller.ComunaController - Recibiendo solicitud para listar comunas
2026-05-05 20:54:37 INFO  c.b.c.controller.ComunaController - Recibiendo solicitud para buscar comunas por nombre
2026-05-05 20:55:33 INFO  c.b.c.controller.ComunaController - Recibiendo solicitud para buscar comuna por id
2026-05-05 21:01:15 INFO  c.b.c.controller.ComunaController - Recibiendo solicitud para buscar comunas por nombre
2026-05-05 21:01:37 INFO  c.b.c.controller.ComunaController - Recibiendo solicitud para buscar comuna por id
2026-05-05 21:03:22 INFO  o.s.boot.tomcat.GracefulShutdown - Commencing graceful shutdown. Waiting for active requests to complete
2026-05-05 21:03:22 INFO  o.s.boot.tomcat.GracefulShutdown - Graceful shutdown complete
2026-05-05 21:03:22 INFO  o.s.o.j.LocalContainerEntityManagerFactoryBean - Closing JPA EntityManagerFactory for persistence unit 'default'
2026-05-05 21:03:22 INFO  com.zaxxer.hikari.HikariDataSource - HikariPool-1 - Shutdown initiated...
2026-05-05 21:03:22 INFO  com.zaxxer.hikari.HikariDataSource - HikariPool-1 - Shutdown completed.
2026-05-06 17:57:27 INFO  c.b.comuna.ComunaApplication - Starting ComunaApplication using Java 17.0.12 with PID 17853 (/home/jos/Documentos/GitHub/Biblioteca_SG/Comuna/comuna/target/classes started by jos in /home/jos/Documentos/GitHub/Biblioteca_SG)
2026-05-06 17:57:27 DEBUG c.b.comuna.ComunaApplication - Running with Spring Boot v4.0.6, Spring v7.0.7
2026-05-06 17:57:27 INFO  c.b.comuna.ComunaApplication - No active profile set, falling back to 1 default profile: "default"
2026-05-06 17:57:27 INFO  o.s.d.r.c.RepositoryConfigurationDelegate - Bootstrapping Spring Data JPA repositories in DEFAULT mode.
2026-05-06 17:57:27 INFO  o.s.d.r.c.RepositoryConfigurationDelegate - Finished Spring Data repository scanning in 26 ms. Found 1 JPA repository interface.
2026-05-06 17:57:27 INFO  o.s.cloud.context.scope.GenericScope - BeanFactory id=1f0d24b4-cf0c-3bba-9243-b36e1f9cf21b
2026-05-06 17:57:28 INFO  o.s.boot.tomcat.TomcatWebServer - Tomcat initialized with port 8088 (http)
2026-05-06 17:57:28 INFO  o.a.catalina.core.StandardService - Starting service [Tomcat]
2026-05-06 17:57:28 INFO  o.a.catalina.core.StandardEngine - Starting Servlet engine: [Apache Tomcat/11.0.21]
2026-05-06 17:57:28 INFO  o.s.b.w.c.s.WebApplicationContextInitializer - Root WebApplicationContext: initialization completed in 1202 ms
2026-05-06 17:57:28 INFO  org.hibernate.orm.jpa - HHH008540: Processing PersistenceUnitInfo [name: default]
2026-05-06 17:57:28 INFO  org.hibernate.orm.core - HHH000001: Hibernate ORM core version 7.2.12.Final
2026-05-06 17:57:28 INFO  o.s.o.j.p.SpringPersistenceUnitInfo - No LoadTimeWeaver setup: ignoring JPA class transformer
2026-05-06 17:57:28 INFO  com.zaxxer.hikari.HikariDataSource - HikariPool-1 - Starting...
2026-05-06 17:57:33 WARN  org.hibernate.orm.jdbc.error - HHH000247: ErrorCode: 17820, SQLState: 08006
2026-05-06 17:57:33 WARN  org.hibernate.orm.jdbc.error - ORA-17820: El adaptador de red no ha podido establecer la conexión. (CONNECTION_ID=6jZx9uTVRQWjxWX3F4L7Gg==)
https://docs.oracle.com/error-help/db/ora-17820/
2026-05-06 17:57:33 WARN  org.hibernate.orm.jdbc - HHH100046: Could not obtain connection to query JDBC database metadata
org.hibernate.exception.JDBCConnectionException: Unable to obtain isolated JDBC connection [ORA-17820: El adaptador de red no ha podido establecer la conexión. (CONNECTION_ID=6jZx9uTVRQWjxWX3F4L7Gg==)
https://docs.oracle.com/error-help/db/ora-17820/] [n/a]
	at org.hibernate.exception.internal.SQLStateConversionDelegate.convert(SQLStateConversionDelegate.java:80)
	at org.hibernate.exception.internal.StandardSQLExceptionConverter.convert(StandardSQLExceptionConverter.java:34)
	at org.hibernate.engine.jdbc.spi.SqlExceptionHelper.convert(SqlExceptionHelper.java:115)
	at org.hibernate.engine.jdbc.spi.SqlExceptionHelper.convert(SqlExceptionHelper.java:101)
	at org.hibernate.resource.transaction.backend.jdbc.internal.JdbcIsolationDelegate.delegateWork(JdbcIsolationDelegate.java:51)
	at org.hibernate.engine.jdbc.env.internal.JdbcEnvironmentInitiator.getJdbcEnvironmentUsingJdbcMetadata(JdbcEnvironmentInitiator.java:366)
	at org.hibernate.engine.jdbc.env.internal.JdbcEnvironmentInitiator.getJdbcEnvironment(JdbcEnvironmentInitiator.java:143)
	at org.hibernate.engine.jdbc.env.internal.JdbcEnvironmentInitiator.initiateService(JdbcEnvironmentInitiator.java:120)
	at org.hibernate.engine.jdbc.env.internal.JdbcEnvironmentInitiator.initiateService(JdbcEnvironmentInitiator.java:80)
	at org.hibernate.boot.registry.internal.StandardServiceRegistryImpl.initiateService(StandardServiceRegistryImpl.java:133)
	at org.hibernate.service.internal.AbstractServiceRegistryImpl.createService(AbstractServiceRegistryImpl.java:260)
	at org.hibernate.service.internal.AbstractServiceRegistryImpl.initializeService(AbstractServiceRegistryImpl.java:235)
	at org.hibernate.service.internal.AbstractServiceRegistryImpl.getService(AbstractServiceRegistryImpl.java:212)
	at org.hibernate.boot.model.relational.Database.<init>(Database.java:44)
	at org.hibernate.boot.internal.InFlightMetadataCollectorImpl.getDatabase(InFlightMetadataCollectorImpl.java:251)
	at org.hibernate.boot.internal.InFlightMetadataCollectorImpl.<init>(InFlightMetadataCollectorImpl.java:203)
	at org.hibernate.boot.model.process.spi.MetadataBuildingProcess.complete(MetadataBuildingProcess.java:172)
	at org.hibernate.jpa.boot.internal.EntityManagerFactoryBuilderImpl.metadata(EntityManagerFactoryBuilderImpl.java:1392)
	at org.hibernate.jpa.boot.internal.EntityManagerFactoryBuilderImpl.populateSessionFactoryBuilder(EntityManagerFactoryBuilderImpl.java:1472)
	at org.hibernate.jpa.boot.internal.EntityManagerFactoryBuilderImpl.build(EntityManagerFactoryBuilderImpl.java:1454)
	at org.springframework.orm.jpa.vendor.SpringHibernateJpaPersistenceProvider.createContainerEntityManagerFactory(SpringHibernateJpaPersistenceProvider.java:93)
	at org.springframework.orm.jpa.LocalContainerEntityManagerFactoryBean.createNativeEntityManagerFactory(LocalContainerEntityManagerFactoryBean.java:443)
	at org.springframework.orm.jpa.AbstractEntityManagerFactoryBean.buildNativeEntityManagerFactory(AbstractEntityManagerFactoryBean.java:436)
	at org.springframework.orm.jpa.AbstractEntityManagerFactoryBean.afterPropertiesSet(AbstractEntityManagerFactoryBean.java:411)
	at org.springframework.orm.jpa.LocalContainerEntityManagerFactoryBean.afterPropertiesSet(LocalContainerEntityManagerFactoryBean.java:419)
	at org.springframework.beans.factory.support.AbstractAutowireCapableBeanFactory.invokeInitMethods(AbstractAutowireCapableBeanFactory.java:1864)
	at org.springframework.beans.factory.support.AbstractAutowireCapableBeanFactory.initializeBean(AbstractAutowireCapableBeanFactory.java:1813)
	at org.springframework.beans.factory.support.AbstractAutowireCapableBeanFactory.doCreateBean(AbstractAutowireCapableBeanFactory.java:603)
	at org.springframework.beans.factory.support.AbstractAutowireCapableBeanFactory.createBean(AbstractAutowireCapableBeanFactory.java:525)
	at org.springframework.beans.factory.support.AbstractBeanFactory.lambda$doGetBean$0(AbstractBeanFactory.java:333)
	at org.springframework.beans.factory.support.DefaultSingletonBeanRegistry.getSingleton(DefaultSingletonBeanRegistry.java:371)
	at org.springframework.beans.factory.support.AbstractBeanFactory.doGetBean(AbstractBeanFactory.java:331)
	at org.springframework.beans.factory.support.AbstractBeanFactory.getBean(AbstractBeanFactory.java:201)
	at org.springframework.context.support.AbstractApplicationContext.finishBeanFactoryInitialization(AbstractApplicationContext.java:977)
	at org.springframework.context.support.AbstractApplicationContext.refresh(AbstractApplicationContext.java:621)
	at org.springframework.boot.web.server.servlet.context.ServletWebServerApplicationContext.refresh(ServletWebServerApplicationContext.java:143)
	at org.springframework.boot.SpringApplication.refresh(SpringApplication.java:756)
	at org.springframework.boot.SpringApplication.refreshContext(SpringApplication.java:445)
	at org.springframework.boot.SpringApplication.run(SpringApplication.java:321)
	at org.springframework.boot.SpringApplication.run(SpringApplication.java:1365)
	at org.springframework.boot.SpringApplication.run(SpringApplication.java:1354)
	at com.biblioteca.comuna.ComunaApplication.main(ComunaApplication.java:12)
Caused by: java.sql.SQLRecoverableException: ORA-17820: El adaptador de red no ha podido establecer la conexión. (CONNECTION_ID=6jZx9uTVRQWjxWX3F4L7Gg==)
https://docs.oracle.com/error-help/db/ora-17820/
	at oracle.jdbc.driver.T4CConnection.handleLogonNetException(T4CConnection.java:1912)
	at oracle.jdbc.driver.T4CConnection.logon(T4CConnection.java:1228)
	at oracle.jdbc.driver.PhysicalConnection.connect(PhysicalConnection.java:1210)
	at oracle.jdbc.driver.T4CDriverExtension.getConnection(T4CDriverExtension.java:106)
	at oracle.jdbc.driver.OracleDriver.connect(OracleDriver.java:887)
	at oracle.jdbc.driver.OracleDriver.connect(OracleDriver.java:694)
	at com.zaxxer.hikari.util.DriverDataSource.getConnection(DriverDataSource.java:144)
	at com.zaxxer.hikari.pool.PoolBase.newConnection(PoolBase.java:373)
	at com.zaxxer.hikari.pool.PoolBase.newPoolEntry(PoolBase.java:210)
	at com.zaxxer.hikari.pool.HikariPool.createPoolEntry(HikariPool.java:488)
	at com.zaxxer.hikari.pool.HikariPool.checkFailFast(HikariPool.java:576)
	at com.zaxxer.hikari.pool.HikariPool.<init>(HikariPool.java:97)
	at com.zaxxer.hikari.HikariDataSource.getConnection(HikariDataSource.java:111)
	at org.hibernate.engine.jdbc.connections.internal.DataSourceConnectionProvider.getConnection(DataSourceConnectionProvider.java:137)
	at org.hibernate.engine.jdbc.env.internal.JdbcEnvironmentInitiator$ConnectionProviderJdbcConnectionAccess.obtainConnection(JdbcEnvironmentInitiator.java:508)
	at org.hibernate.resource.transaction.backend.jdbc.internal.JdbcIsolationDelegate.delegateWork(JdbcIsolationDelegate.java:48)
	... 37 common frames omitted
Caused by: oracle.net.ns.NetException: ORA-17820: El adaptador de red no ha podido establecer la conexión. (CONNECTION_ID=6jZx9uTVRQWjxWX3F4L7Gg==)
https://docs.oracle.com/error-help/db/ora-17820/
	at oracle.net.nt.ConnStrategy.createExecuteException(ConnStrategy.java:869)
	at oracle.net.nt.ConnStrategy.execute(ConnStrategy.java:847)
	at oracle.net.resolver.AddrResolution.resolveAndExecute(AddrResolution.java:724)
	at oracle.net.ns.NSProtocol.establishConnection(NSProtocol.java:972)
	at oracle.net.ns.NSProtocol.connect(NSProtocol.java:341)
	at oracle.jdbc.driver.T4CConnection.connectNetworkSessionProtocol(T4CConnection.java:3746)
	at oracle.jdbc.driver.T4CConnection.logon(T4CConnection.java:1107)
	... 51 common frames omitted
Caused by: java.io.IOException: 
	at oracle.net.nt.TcpNTAdapter.handleEstablishSocketException(TcpNTAdapter.java:441)
	at oracle.net.nt.TcpNTAdapter.establishSocket(TcpNTAdapter.java:350)
	at oracle.net.nt.TcpNTAdapter.connect(TcpNTAdapter.java:228)
	at oracle.net.nt.ConnOption.connect(ConnOption.java:357)
	at oracle.net.nt.ConnStrategy.executeConnOption(ConnStrategy.java:1296)
	at oracle.net.nt.ConnStrategy.execute(ConnStrategy.java:791)
	... 56 common frames omitted
Caused by: java.net.NoRouteToHostException: No existe ninguna ruta hasta el `host'
	at java.base/sun.nio.ch.Net.pollConnect(Native Method)
	at java.base/sun.nio.ch.Net.pollConnectNow(Net.java:672)
	at java.base/sun.nio.ch.SocketChannelImpl.finishTimedConnect(SocketChannelImpl.java:1148)
	at java.base/sun.nio.ch.SocketChannelImpl.blockingConnect(SocketChannelImpl.java:1183)
	at java.base/sun.nio.ch.SocketAdaptor.connect(SocketAdaptor.java:98)
	at oracle.net.nt.TimeoutSocketChannel.doConnect(TimeoutSocketChannel.java:296)
	at oracle.net.nt.TimeoutSocketChannel.initializeSocketChannel(TimeoutSocketChannel.java:276)
	at oracle.net.nt.TimeoutSocketChannel.connect(TimeoutSocketChannel.java:243)
	at oracle.net.nt.TimeoutSocketChannel.<init>(TimeoutSocketChannel.java:210)
	at oracle.net.nt.TcpNTAdapter.establishSocket(TcpNTAdapter.java:339)
	... 60 common frames omitted
2026-05-06 17:57:33 WARN  org.hibernate.orm.deprecation - HHH90000025: OracleDialect does not need to be specified explicitly using 'hibernate.dialect' (remove the property setting and it will be selected by default)
2026-05-06 17:57:33 INFO  o.hibernate.orm.connections.pooling - HHH10001005: Database info:
	Database JDBC URL [undefined/unknown]
	Database driver: undefined/unknown
	Database dialect: OracleDialect
	Database version: 19.0
	Default catalog/schema: unknown/unknown
	Autocommit mode: undefined/unknown
	Isolation level: NONE [default NONE]
	JDBC fetch size: undefined/unknown
	Pool: DataSourceConnectionProvider
	Minimum pool size: undefined/unknown
	Maximum pool size: undefined/unknown
2026-05-06 17:57:33 INFO  org.hibernate.orm.core - HHH000489: No JTA platform available (set 'hibernate.transaction.jta.platform' to enable JTA platform integration)
2026-05-06 17:57:33 INFO  o.s.o.j.LocalContainerEntityManagerFactoryBean - Initialized JPA EntityManagerFactory for persistence unit 'default'
2026-05-06 17:57:33 INFO  o.s.d.j.r.q.QueryEnhancerFactories - Hibernate is in classpath; If applicable, HQL parser will be used.
2026-05-06 17:57:33 WARN  o.s.b.j.a.JpaBaseConfiguration$JpaWebConfiguration - spring.jpa.open-in-view is enabled by default. Therefore, database queries may be performed during view rendering. Explicitly configure spring.jpa.open-in-view to disable this warning
2026-05-06 17:57:34 INFO  o.s.s.c.a.a.c.InitializeUserDetailsBeanManagerConfigurer$InitializeUserDetailsManagerConfigurer - Global AuthenticationManager configured with UserDetailsService bean with name userDetailsService
2026-05-06 17:57:34 INFO  o.s.b.a.e.web.EndpointLinksResolver - Exposing 1 endpoint beneath base path '/actuator'
2026-05-06 17:57:34 INFO  o.s.boot.tomcat.TomcatWebServer - Tomcat started on port 8088 (http) with context path '/'
2026-05-06 17:57:34 INFO  c.b.comuna.ComunaApplication - Started ComunaApplication in 7.925 seconds (process running for 8.416)
2026-05-06 17:57:34 INFO  o.s.boot.tomcat.GracefulShutdown - Commencing graceful shutdown. Waiting for active requests to complete
2026-05-06 17:57:34 INFO  o.s.boot.tomcat.GracefulShutdown - Graceful shutdown complete
2026-05-06 17:57:34 INFO  o.s.o.j.LocalContainerEntityManagerFactoryBean - Closing JPA EntityManagerFactory for persistence unit 'default'
2026-05-06 17:59:26 INFO  c.b.comuna.ComunaApplication - Starting ComunaApplication using Java 17.0.12 with PID 18485 (/home/jos/Documentos/GitHub/Biblioteca_SG/Comuna/comuna/target/classes started by jos in /home/jos/Documentos/GitHub/Biblioteca_SG)
2026-05-06 17:59:26 DEBUG c.b.comuna.ComunaApplication - Running with Spring Boot v4.0.6, Spring v7.0.7
2026-05-06 17:59:26 INFO  c.b.comuna.ComunaApplication - No active profile set, falling back to 1 default profile: "default"
2026-05-06 17:59:27 INFO  o.s.d.r.c.RepositoryConfigurationDelegate - Bootstrapping Spring Data JPA repositories in DEFAULT mode.
2026-05-06 17:59:27 INFO  o.s.d.r.c.RepositoryConfigurationDelegate - Finished Spring Data repository scanning in 27 ms. Found 1 JPA repository interface.
2026-05-06 17:59:27 INFO  o.s.cloud.context.scope.GenericScope - BeanFactory id=1f0d24b4-cf0c-3bba-9243-b36e1f9cf21b
2026-05-06 17:59:28 INFO  o.s.boot.tomcat.TomcatWebServer - Tomcat initialized with port 8088 (http)
2026-05-06 17:59:28 INFO  o.a.catalina.core.StandardService - Starting service [Tomcat]
2026-05-06 17:59:28 INFO  o.a.catalina.core.StandardEngine - Starting Servlet engine: [Apache Tomcat/11.0.21]
2026-05-06 17:59:28 INFO  o.s.b.w.c.s.WebApplicationContextInitializer - Root WebApplicationContext: initialization completed in 1178 ms
2026-05-06 17:59:28 INFO  org.hibernate.orm.jpa - HHH008540: Processing PersistenceUnitInfo [name: default]
2026-05-06 17:59:28 INFO  org.hibernate.orm.core - HHH000001: Hibernate ORM core version 7.2.12.Final
2026-05-06 17:59:28 INFO  o.s.o.j.p.SpringPersistenceUnitInfo - No LoadTimeWeaver setup: ignoring JPA class transformer
2026-05-06 17:59:28 INFO  com.zaxxer.hikari.HikariDataSource - HikariPool-1 - Starting...
2026-05-06 17:59:29 INFO  com.zaxxer.hikari.pool.HikariPool - HikariPool-1 - Added connection oracle.jdbc.driver.T4CConnection@3fa57aa8
2026-05-06 17:59:29 INFO  com.zaxxer.hikari.HikariDataSource - HikariPool-1 - Start completed.
2026-05-06 17:59:29 WARN  org.hibernate.orm.deprecation - HHH90000025: OracleDialect does not need to be specified explicitly using 'hibernate.dialect' (remove the property setting and it will be selected by default)
2026-05-06 17:59:29 WARN  org.hibernate.orm.jdbc - HHH100123: Low default JDBC fetch size: 10 (consider setting 'hibernate.jdbc.fetch_size')
2026-05-06 17:59:29 INFO  o.hibernate.orm.connections.pooling - HHH10001005: Database info:
	Database JDBC URL [jdbc:oracle:thin:@192.168.1.13:1521/xe]
	Database driver: Oracle JDBC driver
	Database dialect: OracleDialect
	Database version: 21.3
	Default catalog/schema: undefined/SG
	Autocommit mode: undefined/unknown
	Isolation level: READ_COMMITTED [default READ_COMMITTED]
	JDBC fetch size: 10
	Pool: DataSourceConnectionProvider
	Minimum pool size: undefined/unknown
	Maximum pool size: undefined/unknown
2026-05-06 17:59:30 INFO  org.hibernate.orm.core - HHH000489: No JTA platform available (set 'hibernate.transaction.jta.platform' to enable JTA platform integration)
2026-05-06 17:59:30 INFO  o.s.o.j.LocalContainerEntityManagerFactoryBean - Initialized JPA EntityManagerFactory for persistence unit 'default'
2026-05-06 17:59:30 INFO  o.s.d.j.r.q.QueryEnhancerFactories - Hibernate is in classpath; If applicable, HQL parser will be used.
2026-05-06 17:59:30 WARN  o.s.b.j.a.JpaBaseConfiguration$JpaWebConfiguration - spring.jpa.open-in-view is enabled by default. Therefore, database queries may be performed during view rendering. Explicitly configure spring.jpa.open-in-view to disable this warning
2026-05-06 17:59:30 INFO  o.s.s.c.a.a.c.InitializeUserDetailsBeanManagerConfigurer$InitializeUserDetailsManagerConfigurer - Global AuthenticationManager configured with UserDetailsService bean with name userDetailsService
2026-05-06 17:59:31 INFO  o.s.b.a.e.web.EndpointLinksResolver - Exposing 1 endpoint beneath base path '/actuator'
2026-05-06 17:59:31 INFO  o.s.boot.tomcat.TomcatWebServer - Tomcat started on port 8088 (http) with context path '/'
2026-05-06 17:59:31 INFO  c.b.comuna.ComunaApplication - Started ComunaApplication in 4.652 seconds (process running for 5.115)
2026-05-06 17:59:32 INFO  o.a.c.c.C.[Tomcat].[localhost].[/] - Initializing Spring DispatcherServlet 'dispatcherServlet'
2026-05-06 17:59:32 INFO  o.s.web.servlet.DispatcherServlet - Initializing Servlet 'dispatcherServlet'
2026-05-06 17:59:32 INFO  o.s.web.servlet.DispatcherServlet - Completed initialization in 1 ms
2026-05-06 18:01:22 INFO  c.b.c.controller.ComunaController - Recibiendo solicitud para buscar comuna por id
2026-05-06 18:01:58 INFO  c.b.c.controller.ComunaController - Recibiendo solicitud para buscar comunas por nombre
2026-05-06 18:03:28 INFO  c.b.c.controller.ComunaController - Recibiendo solicitud para buscar comunas por nombre
2026-05-06 18:04:06 INFO  c.b.c.controller.ComunaController - Recibiendo solicitud para buscar comunas por nombre
2026-05-06 18:04:20 INFO  o.s.boot.tomcat.GracefulShutdown - Commencing graceful shutdown. Waiting for active requests to complete
2026-05-06 18:04:20 INFO  o.s.boot.tomcat.GracefulShutdown - Graceful shutdown complete
2026-05-06 18:04:20 INFO  o.s.o.j.LocalContainerEntityManagerFactoryBean - Closing JPA EntityManagerFactory for persistence unit 'default'
2026-05-06 18:04:20 INFO  com.zaxxer.hikari.HikariDataSource - HikariPool-1 - Shutdown initiated...
2026-05-06 18:04:20 INFO  com.zaxxer.hikari.HikariDataSource - HikariPool-1 - Shutdown completed.
2026-05-07 12:15:39 INFO  c.b.comuna.ComunaApplication - Starting ComunaApplication using Java 17.0.12 with PID 3392 (C:\Users\Duoc\Documents\GitHub\Biblioteca_SG\Comuna\comuna\target\classes started by Duoc in C:\Users\Duoc\Documents\GitHub\Biblioteca_SG)
2026-05-07 12:15:39 DEBUG c.b.comuna.ComunaApplication - Running with Spring Boot v4.0.6, Spring v7.0.7
2026-05-07 12:15:39 INFO  c.b.comuna.ComunaApplication - No active profile set, falling back to 1 default profile: "default"
2026-05-07 12:15:40 INFO  o.s.d.r.c.RepositoryConfigurationDelegate - Bootstrapping Spring Data JPA repositories in DEFAULT mode.
2026-05-07 12:15:40 INFO  o.s.d.r.c.RepositoryConfigurationDelegate - Finished Spring Data repository scanning in 50 ms. Found 1 JPA repository interface.
2026-05-07 12:15:41 INFO  o.s.cloud.context.scope.GenericScope - BeanFactory id=8bb790b2-5f8f-3498-9287-5ba845a5b557
2026-05-07 12:15:41 INFO  o.s.boot.tomcat.TomcatWebServer - Tomcat initialized with port 8088 (http)
2026-05-07 12:15:41 INFO  o.a.catalina.core.StandardService - Starting service [Tomcat]
2026-05-07 12:15:41 INFO  o.a.catalina.core.StandardEngine - Starting Servlet engine: [Apache Tomcat/11.0.21]
2026-05-07 12:15:41 INFO  o.s.b.w.c.s.WebApplicationContextInitializer - Root WebApplicationContext: initialization completed in 2078 ms
2026-05-07 12:15:42 INFO  org.hibernate.orm.jpa - HHH008540: Processing PersistenceUnitInfo [name: default]
2026-05-07 12:15:42 INFO  org.hibernate.orm.core - HHH000001: Hibernate ORM core version 7.2.12.Final
2026-05-07 12:15:43 INFO  o.s.o.j.p.SpringPersistenceUnitInfo - No LoadTimeWeaver setup: ignoring JPA class transformer
2026-05-07 12:15:43 INFO  com.zaxxer.hikari.HikariDataSource - HikariPool-1 - Starting...
2026-05-07 12:16:05 WARN  org.hibernate.orm.jdbc.error - HHH000247: ErrorCode: 12541, SQLState: 66000
2026-05-07 12:16:05 WARN  org.hibernate.orm.jdbc.error - ORA-12541: No se puede conectar. No hay ningún listener en host 192.168.1.13 port 1521. (CONNECTION_ID=pTcIfiJRTtyNUEArURJQIA==)
https://docs.oracle.com/error-help/db/ora-12541/
2026-05-07 12:16:05 WARN  org.hibernate.orm.jdbc - HHH100046: Could not obtain connection to query JDBC database metadata
org.hibernate.exception.GenericJDBCException: Unable to obtain isolated JDBC connection [ORA-12541: No se puede conectar. No hay ningún listener en host 192.168.1.13 port 1521. (CONNECTION_ID=pTcIfiJRTtyNUEArURJQIA==)
https://docs.oracle.com/error-help/db/ora-12541/] [n/a]
	at org.hibernate.exception.internal.StandardSQLExceptionConverter.convert(StandardSQLExceptionConverter.java:39)
	at org.hibernate.engine.jdbc.spi.SqlExceptionHelper.convert(SqlExceptionHelper.java:115)
	at org.hibernate.engine.jdbc.spi.SqlExceptionHelper.convert(SqlExceptionHelper.java:101)
	at org.hibernate.resource.transaction.backend.jdbc.internal.JdbcIsolationDelegate.delegateWork(JdbcIsolationDelegate.java:51)
	at org.hibernate.engine.jdbc.env.internal.JdbcEnvironmentInitiator.getJdbcEnvironmentUsingJdbcMetadata(JdbcEnvironmentInitiator.java:366)
	at org.hibernate.engine.jdbc.env.internal.JdbcEnvironmentInitiator.getJdbcEnvironment(JdbcEnvironmentInitiator.java:143)
	at org.hibernate.engine.jdbc.env.internal.JdbcEnvironmentInitiator.initiateService(JdbcEnvironmentInitiator.java:120)
	at org.hibernate.engine.jdbc.env.internal.JdbcEnvironmentInitiator.initiateService(JdbcEnvironmentInitiator.java:80)
	at org.hibernate.boot.registry.internal.StandardServiceRegistryImpl.initiateService(StandardServiceRegistryImpl.java:133)
	at org.hibernate.service.internal.AbstractServiceRegistryImpl.createService(AbstractServiceRegistryImpl.java:260)
	at org.hibernate.service.internal.AbstractServiceRegistryImpl.initializeService(AbstractServiceRegistryImpl.java:235)
	at org.hibernate.service.internal.AbstractServiceRegistryImpl.getService(AbstractServiceRegistryImpl.java:212)
	at org.hibernate.boot.model.relational.Database.<init>(Database.java:44)
	at org.hibernate.boot.internal.InFlightMetadataCollectorImpl.getDatabase(InFlightMetadataCollectorImpl.java:251)
	at org.hibernate.boot.internal.InFlightMetadataCollectorImpl.<init>(InFlightMetadataCollectorImpl.java:203)
	at org.hibernate.boot.model.process.spi.MetadataBuildingProcess.complete(MetadataBuildingProcess.java:172)
	at org.hibernate.jpa.boot.internal.EntityManagerFactoryBuilderImpl.metadata(EntityManagerFactoryBuilderImpl.java:1392)
	at org.hibernate.jpa.boot.internal.EntityManagerFactoryBuilderImpl.populateSessionFactoryBuilder(EntityManagerFactoryBuilderImpl.java:1472)
	at org.hibernate.jpa.boot.internal.EntityManagerFactoryBuilderImpl.build(EntityManagerFactoryBuilderImpl.java:1454)
	at org.springframework.orm.jpa.vendor.SpringHibernateJpaPersistenceProvider.createContainerEntityManagerFactory(SpringHibernateJpaPersistenceProvider.java:93)
	at org.springframework.orm.jpa.LocalContainerEntityManagerFactoryBean.createNativeEntityManagerFactory(LocalContainerEntityManagerFactoryBean.java:443)
	at org.springframework.orm.jpa.AbstractEntityManagerFactoryBean.buildNativeEntityManagerFactory(AbstractEntityManagerFactoryBean.java:436)
	at org.springframework.orm.jpa.AbstractEntityManagerFactoryBean.afterPropertiesSet(AbstractEntityManagerFactoryBean.java:411)
	at org.springframework.orm.jpa.LocalContainerEntityManagerFactoryBean.afterPropertiesSet(LocalContainerEntityManagerFactoryBean.java:419)
	at org.springframework.beans.factory.support.AbstractAutowireCapableBeanFactory.invokeInitMethods(AbstractAutowireCapableBeanFactory.java:1864)
	at org.springframework.beans.factory.support.AbstractAutowireCapableBeanFactory.initializeBean(AbstractAutowireCapableBeanFactory.java:1813)
	at org.springframework.beans.factory.support.AbstractAutowireCapableBeanFactory.doCreateBean(AbstractAutowireCapableBeanFactory.java:603)
	at org.springframework.beans.factory.support.AbstractAutowireCapableBeanFactory.createBean(AbstractAutowireCapableBeanFactory.java:525)
	at org.springframework.beans.factory.support.AbstractBeanFactory.lambda$doGetBean$0(AbstractBeanFactory.java:333)
	at org.springframework.beans.factory.support.DefaultSingletonBeanRegistry.getSingleton(DefaultSingletonBeanRegistry.java:371)
	at org.springframework.beans.factory.support.AbstractBeanFactory.doGetBean(AbstractBeanFactory.java:331)
	at org.springframework.beans.factory.support.AbstractBeanFactory.getBean(AbstractBeanFactory.java:201)
	at org.springframework.context.support.AbstractApplicationContext.finishBeanFactoryInitialization(AbstractApplicationContext.java:977)
	at org.springframework.context.support.AbstractApplicationContext.refresh(AbstractApplicationContext.java:621)
	at org.springframework.boot.web.server.servlet.context.ServletWebServerApplicationContext.refresh(ServletWebServerApplicationContext.java:143)
	at org.springframework.boot.SpringApplication.refresh(SpringApplication.java:756)
	at org.springframework.boot.SpringApplication.refreshContext(SpringApplication.java:445)
	at org.springframework.boot.SpringApplication.run(SpringApplication.java:321)
	at org.springframework.boot.SpringApplication.run(SpringApplication.java:1365)
	at org.springframework.boot.SpringApplication.run(SpringApplication.java:1354)
	at com.biblioteca.comuna.ComunaApplication.main(ComunaApplication.java:12)
Caused by: java.sql.SQLException: ORA-12541: No se puede conectar. No hay ningún listener en host 192.168.1.13 port 1521. (CONNECTION_ID=pTcIfiJRTtyNUEArURJQIA==)
https://docs.oracle.com/error-help/db/ora-12541/
	at oracle.jdbc.driver.T4CConnection.handleLogonNetException(T4CConnection.java:1912)
	at oracle.jdbc.driver.T4CConnection.logon(T4CConnection.java:1228)
	at oracle.jdbc.driver.PhysicalConnection.connect(PhysicalConnection.java:1210)
	at oracle.jdbc.driver.T4CDriverExtension.getConnection(T4CDriverExtension.java:106)
	at oracle.jdbc.driver.OracleDriver.connect(OracleDriver.java:887)
	at oracle.jdbc.driver.OracleDriver.connect(OracleDriver.java:694)
	at com.zaxxer.hikari.util.DriverDataSource.getConnection(DriverDataSource.java:144)
	at com.zaxxer.hikari.pool.PoolBase.newConnection(PoolBase.java:373)
	at com.zaxxer.hikari.pool.PoolBase.newPoolEntry(PoolBase.java:210)
	at com.zaxxer.hikari.pool.HikariPool.createPoolEntry(HikariPool.java:488)
	at com.zaxxer.hikari.pool.HikariPool.checkFailFast(HikariPool.java:576)
	at com.zaxxer.hikari.pool.HikariPool.<init>(HikariPool.java:97)
	at com.zaxxer.hikari.HikariDataSource.getConnection(HikariDataSource.java:111)
	at org.hibernate.engine.jdbc.connections.internal.DataSourceConnectionProvider.getConnection(DataSourceConnectionProvider.java:137)
	at org.hibernate.engine.jdbc.env.internal.JdbcEnvironmentInitiator$ConnectionProviderJdbcConnectionAccess.obtainConnection(JdbcEnvironmentInitiator.java:508)
	at org.hibernate.resource.transaction.backend.jdbc.internal.JdbcIsolationDelegate.delegateWork(JdbcIsolationDelegate.java:48)
	... 37 common frames omitted
Caused by: oracle.net.ns.NetException: ORA-12541: No se puede conectar. No hay ningún listener en host 192.168.1.13 port 1521. (CONNECTION_ID=pTcIfiJRTtyNUEArURJQIA==)
https://docs.oracle.com/error-help/db/ora-12541/
	at oracle.net.nt.TcpNTAdapter.handleEstablishSocketException(TcpNTAdapter.java:418)
	at oracle.net.nt.TcpNTAdapter.establishSocket(TcpNTAdapter.java:350)
	at oracle.net.nt.TcpNTAdapter.connect(TcpNTAdapter.java:228)
	at oracle.net.nt.ConnOption.connect(ConnOption.java:357)
	at oracle.net.nt.ConnStrategy.executeConnOption(ConnStrategy.java:1296)
	at oracle.net.nt.ConnStrategy.execute(ConnStrategy.java:791)
	at oracle.net.resolver.AddrResolution.resolveAndExecute(AddrResolution.java:724)
	at oracle.net.ns.NSProtocol.establishConnection(NSProtocol.java:972)
	at oracle.net.ns.NSProtocol.connect(NSProtocol.java:341)
	at oracle.jdbc.driver.T4CConnection.connectNetworkSessionProtocol(T4CConnection.java:3746)
	at oracle.jdbc.driver.T4CConnection.logon(T4CConnection.java:1107)
	... 51 common frames omitted
Caused by: java.net.ConnectException: Connection timed out: no further information
	at java.base/sun.nio.ch.Net.pollConnect(Native Method)
	at java.base/sun.nio.ch.Net.pollConnectNow(Net.java:672)
	at java.base/sun.nio.ch.SocketChannelImpl.finishTimedConnect(SocketChannelImpl.java:1148)
	at java.base/sun.nio.ch.SocketChannelImpl.blockingConnect(SocketChannelImpl.java:1183)
	at java.base/sun.nio.ch.SocketAdaptor.connect(SocketAdaptor.java:98)
	at oracle.net.nt.TimeoutSocketChannel.doConnect(TimeoutSocketChannel.java:296)
	at oracle.net.nt.TimeoutSocketChannel.initializeSocketChannel(TimeoutSocketChannel.java:276)
	at oracle.net.nt.TimeoutSocketChannel.connect(TimeoutSocketChannel.java:243)
	at oracle.net.nt.TimeoutSocketChannel.<init>(TimeoutSocketChannel.java:210)
	at oracle.net.nt.TcpNTAdapter.establishSocket(TcpNTAdapter.java:339)
	... 60 common frames omitted
2026-05-07 12:16:05 WARN  org.hibernate.orm.deprecation - HHH90000025: OracleDialect does not need to be specified explicitly using 'hibernate.dialect' (remove the property setting and it will be selected by default)
2026-05-07 12:16:05 INFO  o.hibernate.orm.connections.pooling - HHH10001005: Database info:
	Database JDBC URL [undefined/unknown]
	Database driver: undefined/unknown
	Database dialect: OracleDialect
	Database version: 19.0
	Default catalog/schema: unknown/unknown
	Autocommit mode: undefined/unknown
	Isolation level: NONE [default NONE]
	JDBC fetch size: undefined/unknown
	Pool: DataSourceConnectionProvider
	Minimum pool size: undefined/unknown
	Maximum pool size: undefined/unknown
2026-05-07 12:16:06 INFO  org.hibernate.orm.core - HHH000489: No JTA platform available (set 'hibernate.transaction.jta.platform' to enable JTA platform integration)
2026-05-07 12:16:06 INFO  o.s.o.j.LocalContainerEntityManagerFactoryBean - Initialized JPA EntityManagerFactory for persistence unit 'default'
2026-05-07 12:16:06 INFO  o.s.d.j.r.q.QueryEnhancerFactories - Hibernate is in classpath; If applicable, HQL parser will be used.
2026-05-07 12:16:07 WARN  o.s.b.j.a.JpaBaseConfiguration$JpaWebConfiguration - spring.jpa.open-in-view is enabled by default. Therefore, database queries may be performed during view rendering. Explicitly configure spring.jpa.open-in-view to disable this warning
2026-05-07 12:16:07 INFO  o.s.s.c.a.a.c.InitializeUserDetailsBeanManagerConfigurer$InitializeUserDetailsManagerConfigurer - Global AuthenticationManager configured with UserDetailsService bean with name userDetailsService
2026-05-07 12:16:09 INFO  o.s.cloud.commons.util.InetUtils - Cannot determine local hostname
2026-05-07 12:16:09 INFO  o.s.b.a.e.web.EndpointLinksResolver - Exposing 1 endpoint beneath base path '/actuator'
2026-05-07 12:16:09 INFO  o.s.boot.tomcat.TomcatWebServer - Tomcat started on port 8088 (http) with context path '/'
2026-05-07 12:16:10 INFO  o.s.cloud.commons.util.InetUtils - Cannot determine local hostname
2026-05-07 12:16:10 INFO  c.b.comuna.ComunaApplication - Started ComunaApplication in 33.067 seconds (process running for 33.946)
2026-05-07 12:16:26 INFO  c.b.comuna.ComunaApplication - Starting ComunaApplication using Java 17.0.12 with PID 24148 (C:\Users\Duoc\Documents\GitHub\Biblioteca_SG\Comuna\comuna\target\classes started by Duoc in C:\Users\Duoc\Documents\GitHub\Biblioteca_SG)
2026-05-07 12:16:26 DEBUG c.b.comuna.ComunaApplication - Running with Spring Boot v4.0.6, Spring v7.0.7
2026-05-07 12:16:26 INFO  c.b.comuna.ComunaApplication - No active profile set, falling back to 1 default profile: "default"
2026-05-07 12:16:28 INFO  o.s.d.r.c.RepositoryConfigurationDelegate - Bootstrapping Spring Data JPA repositories in DEFAULT mode.
2026-05-07 12:16:29 INFO  o.s.d.r.c.RepositoryConfigurationDelegate - Finished Spring Data repository scanning in 104 ms. Found 1 JPA repository interface.
2026-05-07 12:16:30 INFO  o.s.cloud.context.scope.GenericScope - BeanFactory id=8bb790b2-5f8f-3498-9287-5ba845a5b557
2026-05-07 12:16:32 INFO  o.s.boot.tomcat.TomcatWebServer - Tomcat initialized with port 8088 (http)
2026-05-07 12:16:32 INFO  o.a.catalina.core.StandardService - Starting service [Tomcat]
2026-05-07 12:16:32 INFO  o.a.catalina.core.StandardEngine - Starting Servlet engine: [Apache Tomcat/11.0.21]
2026-05-07 12:16:32 INFO  o.s.b.w.c.s.WebApplicationContextInitializer - Root WebApplicationContext: initialization completed in 5536 ms
2026-05-07 12:16:33 INFO  org.hibernate.orm.jpa - HHH008540: Processing PersistenceUnitInfo [name: default]
2026-05-07 12:16:34 INFO  org.hibernate.orm.core - HHH000001: Hibernate ORM core version 7.2.12.Final
2026-05-07 12:16:35 INFO  o.s.o.j.p.SpringPersistenceUnitInfo - No LoadTimeWeaver setup: ignoring JPA class transformer
2026-05-07 12:16:36 INFO  com.zaxxer.hikari.HikariDataSource - HikariPool-1 - Starting...
2026-05-07 12:16:36 INFO  com.zaxxer.hikari.pool.HikariPool - HikariPool-1 - Added connection oracle.jdbc.driver.T4CConnection@7c6ab057
2026-05-07 12:16:36 INFO  com.zaxxer.hikari.HikariDataSource - HikariPool-1 - Start completed.
2026-05-07 12:16:37 WARN  org.hibernate.orm.deprecation - HHH90000025: OracleDialect does not need to be specified explicitly using 'hibernate.dialect' (remove the property setting and it will be selected by default)
2026-05-07 12:16:37 WARN  org.hibernate.orm.jdbc - HHH100123: Low default JDBC fetch size: 10 (consider setting 'hibernate.jdbc.fetch_size')
2026-05-07 12:16:37 INFO  o.hibernate.orm.connections.pooling - HHH10001005: Database info:
	Database JDBC URL [jdbc:oracle:thin:@192.168.113.107:1521/xe]
	Database driver: Oracle JDBC driver
	Database dialect: OracleDialect
	Database version: 21.3
	Default catalog/schema: undefined/SG
	Autocommit mode: undefined/unknown
	Isolation level: READ_COMMITTED [default READ_COMMITTED]
	JDBC fetch size: 10
	Pool: DataSourceConnectionProvider
	Minimum pool size: undefined/unknown
	Maximum pool size: undefined/unknown
2026-05-07 12:16:40 INFO  org.hibernate.orm.core - HHH000489: No JTA platform available (set 'hibernate.transaction.jta.platform' to enable JTA platform integration)
2026-05-07 12:16:40 INFO  o.s.o.j.LocalContainerEntityManagerFactoryBean - Initialized JPA EntityManagerFactory for persistence unit 'default'
2026-05-07 12:16:40 INFO  o.s.d.j.r.q.QueryEnhancerFactories - Hibernate is in classpath; If applicable, HQL parser will be used.
2026-05-07 12:16:41 WARN  o.s.b.j.a.JpaBaseConfiguration$JpaWebConfiguration - spring.jpa.open-in-view is enabled by default. Therefore, database queries may be performed during view rendering. Explicitly configure spring.jpa.open-in-view to disable this warning
2026-05-07 12:16:41 INFO  o.s.s.c.a.a.c.InitializeUserDetailsBeanManagerConfigurer$InitializeUserDetailsManagerConfigurer - Global AuthenticationManager configured with UserDetailsService bean with name userDetailsService
2026-05-07 12:16:43 INFO  o.a.c.c.C.[Tomcat].[localhost].[/] - Initializing Spring DispatcherServlet 'dispatcherServlet'
2026-05-07 12:16:43 INFO  o.s.web.servlet.DispatcherServlet - Initializing Servlet 'dispatcherServlet'
2026-05-07 12:16:43 INFO  o.s.b.f.s.DefaultListableBeanFactory - Obtaining singleton bean 'webEndpointServletHandlerMapping' in thread "RMI TCP Connection(2)-127.0.0.1" while other thread holds singleton lock for other beans [simpleDiscoveryClient, simpleDiscoveryProperties, compositeDiscoveryClient]
2026-05-07 12:16:43 INFO  o.s.b.f.s.DefaultListableBeanFactory - Obtaining singleton bean 'management.endpoints.web.cors-org.springframework.boot.actuate.autoconfigure.endpoint.web.CorsEndpointProperties' in thread "RMI TCP Connection(2)-127.0.0.1" while other thread holds singleton lock for other beans [simpleDiscoveryClient, simpleDiscoveryProperties, compositeDiscoveryClient]
2026-05-07 12:16:43 INFO  o.s.b.a.e.web.EndpointLinksResolver - Exposing 1 endpoint beneath base path '/actuator'
2026-05-07 12:16:43 INFO  o.s.b.f.s.DefaultListableBeanFactory - Obtaining singleton bean 'controllerEndpointHandlerMapping' in thread "RMI TCP Connection(2)-127.0.0.1" while other thread holds singleton lock for other beans [simpleDiscoveryClient, simpleDiscoveryProperties, compositeDiscoveryClient]
2026-05-07 12:16:43 INFO  o.s.web.servlet.DispatcherServlet - Completed initialization in 16 ms
2026-05-07 12:16:43 INFO  o.s.cloud.commons.util.InetUtils - Cannot determine local hostname
2026-05-07 12:16:43 INFO  o.s.boot.tomcat.TomcatWebServer - Tomcat started on port 8088 (http) with context path '/'
2026-05-07 12:16:45 INFO  o.s.cloud.commons.util.InetUtils - Cannot determine local hostname
2026-05-07 12:16:45 INFO  c.b.comuna.ComunaApplication - Started ComunaApplication in 20.344 seconds (process running for 21.163)
2026-05-07 12:16:54 INFO  c.b.c.controller.ComunaController - Recibiendo solicitud para buscar comunas por nombre
2026-05-07 12:19:19 INFO  c.b.c.controller.ComunaController - Recibiendo solicitud para buscar comuna por id
